id,에피소드 수,상영시간
tRbqAWZ,13,57분
tRMZJ4P,52,22분
tE0jYXP,48,20분
tlYKn4R,113,24분
tPJ140R,50,25분
tEqdz1l,105,21분
tlL48Xl,40,24분
tEg7erE,52,25분
tRwxWWP,92,24분
tlY0MxP,39,21분
tR2zOzR,35,22분
tPVwVql,61,20분
tPDgwrR,51,20분
tE0ZryP,91,22분
tRXJ3Ol,107,20분
tEgo15E,13,17분
tlxnyXR,50,24분
tEoBQel,50,19분
tRBwB8P,10,50분
tl90arP,78,26분
tR7pkVP,13,51분
tRaN6QP,13,23분
tP84N6P,72,14분
tEQyVwE,3,29분
tEkqKjP,51,19분
tPDdDoP,44,24분
tPrzd1x,26,21분
tR5K7rp,11,51분
tEKLn6R,34,44분
tR7Bg6E,40,40분
tRp4BNg,30,45분
tPyBJxl,26,21분
tRbY5gE,18,45분
tRadGbE,25,45분
tR4B0Kl,6,47분
tRzLovZ,50,40분
tPJ61QP,13,18분
tPDOz0g,576,56분
tE32gml,92,22분
tl9ddbP,64,20분
t5lL2aR,24,55분
tR7We6R,44,25분
tPjmVgR,50,23분
tEkZ5Bl,6,53분
tRBw36P,11,1시간 10분
tP8kgKR,101,19분
tl9wkaR,61,22분
tl9wKrR,26,24분
tEmo4pP,74,24분
tE1pvMl,51,24분
tEkoraE,26,24분
tlALMYP,2,24분
tP8wpdR,112,23분
tEg7jJE,26,22분
tVEq16E,16,47분
tR2BLdR,11,46분
tE3DBgR,27,23분
tR2YQWE,49,24분
tEKx1jR,13,19분
tRz5bQE,236,47분
tEgr13l,24,44분
tPD9n7l,40,20분
tE04gOE,10,50분
tPD971l,26,21분
tyE3KeE,16,45분
tKRNX9l,20,56분
tPJXKKE,3,27분
tR5xjZE,35,45분
tE15aqp,30,42분
tEggaJE,84,40분
tP8axGx,6,50분
tR2pJ0l,44,42분
tEZgMpZ,51,23분
tEgMoo5,64,46분
tlxkBkJ,160,45분
tRaD5X3,43,45분
tlAnLym,47,45분
tRN1j7E,6,28분
tEoj1D2,20,45분
tRzLgGY,1,1시간 1분
tPrOoMl,58,34분
tPj1B2Y,40,45분
tRpJO9l,45,45분
tE3A257,22,45분
tPD9aLl,120,10분
tPedA6R,10,24분
tl9wOaR,51,23분
tPey0DP,20,23분
tRM6ZMP,57,52분
tlGmjZR,167,26분
tWEgYAP,25,1시간 6분
t7E1mgE,16,1시간 10분
tRw554l,6,28분
tRWG9VR,25,21분
tEo21bl,293,23분
tlnMBzP,3,11분
tRa3Q0l,26,23분
tlOqJwR,200,53분
tMPyDGR,16,1시간 2분
tnRzqJE,104,48분
txR4zLl,62,1시간 2분
tEkZ4nl,12,52분
tPVm6OR,12,58분
tlOqG8R,12,45분
tR5BoaP,11,57분
tPvW9Kl,23,41분
tR7BLnE,6,23분
tkPjqxR,16,1시간 3분
tZEKvyl,16,1시간 7분
tRzgpQP,508,5분
tKRNy7E,124,1시간 4분
t9PJAaR,24,59분
taPeLqR,16,1시간 9분
tEK2x2l,17,1시간 1분
tARXkKE,16,1시간 8분
tPVmwxR,77,1시간 9분
tRBB9DR,178,22분
tEgB1el,30,44분
tPjDZaE,22,44분
t4RBk2P,20,1시간 14분
tlx2ZJR,14,24분
tbRwjDE,16,1시간 3분
t7EQW9P,21,1시간 8분
tRXNpDl,13,23분
txPvrKP,16,1시간
tplAzZE,16,1시간 2분
t4EoV2l,20,1시간 6분
tR4w8oE,124,57분
tLR2bQR,16,1시간 3분
tARX77E,23,1시간 10분
t7EQKDP,20,1시간 8분
t7E1QpE,16,1시간 11분
tR2YjdE,26,22분
tVEqzpR,16,1시간 9분
t1lGvBP,20,1시간 4분
tR276eP,11,1시간 32분
tl90rbP,329,1시간 7분
tEqdX6l,48,22분
tlLNKXR,12,56분
tPvKa5l,11,22분
tPegM5E,4,51분
tE0j9dP,8,24분
tl9w21R,51,23분
tEZ79NR,13,47분
tRb8Xvl,24,24분
tRaDKQw,264,48분
tEggNJE,23,44분
tP8axJ6,41,22분
tPVyxNR,54,20분
tlOKZ3l,11,46분
tlGBq4P,51,23분
tPyae9P,51,3분
tPdZY1E,351,44분
tPy4OxR,9,57분
tPeyveP,75,22분
tRMejnR,11,57분
txPvaWR,17,52분
tVEqYQE,24,1시간 9분
tlLGMeP,150,20분
tPJQK0R,10,46분
tEqoaDP,175,1시간 26분
tRaDrwb,27,37분
tlLN3dR,3,44분
tRM6WpP,11,44분
tPd4gkP,11,57분
tPV0BOE,40,47분
tRb7GgP,3,57분
tDR7zJE,30,58분
tEojaOo,13,22분
tlY0gmP,24,24분
tR2wBQP,11,58분
tRXdakR,26,24분
tPd4V2P,49,47분
tRWrOXE,8,48분
tPvKZ6l,13,23분
tPv9awR,41,41분
tRXOJKE,16,1시간 6분
tln221l,50,45분
tlAj3BE,26,24분
tP84QAP,10,1시간 10분
tZEKNnl,26,57분
tEK1j5P,24,24분
tRpMB5P,145,22분
tlL7JWP,10,58분
tlYAv8l,10,1시간 3분
t2lnyGP,16,1시간 8분
tKRMY0R,8,1시간 9분
tPeKjqE,4,54분
t1lGpZE,16,59분
tRwYmQl,24,23분
tEgM2we,25,41분
tRMmLpR,52,11분
tEqdGQl,26,23분
txR4LLR,16,1시간 3분
tEm9KV8,5,50분
tPDe07l,40,43분
tR4Bpal,10,59분
t5lY3VR,20,1시간 6분
tR477mE,11,46분
tRbWGqP,4,21분
tARXzOl,17,1시간 3분
tPJx80E,30,45분
tlY07pQ,39,24분
tE3LLve,25,23분
tlx5KnE,30,45분
tNR5ALR,20,57분
tR4q4ZD,11,22분
tEgg74E,5,1시간 30분
tlnYVzP,33,45분
tlLajdE,40,44분
tlLrG6e,31,46분
tEggkeE,40,42분
tPv9VyR,42,45분
tE1adOM,26,23분
tRW3avR,39,45분
tR27YWP,40,45분
tRN71YY,29,45분
tRpg37E,32,42분
tlObJzD,22,45분
tE6kGqR,33,47분
tRw5z8l,33,48분
tR5K781,40,45분
tEZY0Kl,3,23분
tE0mne6,119,45분
tRw4NkP,33,41분
tRaBpbP,42,44분
tR2eyoj,39,23분
tl9gL51,52,44분
tPrzOwy,13,14분
tRB6Ld3,45,45분
tE6Y7eN,40,45분
tPJKdY7,32,45분
tE6YL8Q,24,21분
tRX26X8,26,6분
tEKODkE,30,40분
tRMxJaG,1,58분
tRX5r6O,15,10분
tE3ALv8,13,20분
tlAngrr,35,45분
tPVNYbP,30,40분
tPrzdBV,68,30분
tEQr0KK,32,45분
tPy8n3g,26,19분
tEg72eE,60,6분
tEkO4vz,1,1시간 6분
tRadmLE,59,45분
tRWVpVE,26,21분
tEKzMqm,1,21분
tRMjkgP,41,40분
tRwxDLP,13,24분
tlAnyGB,26,22분
tlnNL97,26,10분
tE3ADGm,2,46분
tPvbK2M,40,49분
tPJXBoE,40,22분
tEgM9QA,26,20분
tPJZzJQ,51,25분
tRzg8KZ,6,23분
tEqZXXY,12,27분
tEQXm1l,13,13분
tEkzn5l,43,49분
tRWGwdR,42,45분
tRN71A7,4,58분
tRzZbkR,3,30분
tR7BY9E,40,47분
tEqn6DR,40,45분
tPVn0qP,50,45분
tRNe9bE,40,20분
tR2ezp0,30,10분
tEqobdP,12,23분
tPd3aLN,25,23분
tPrYqWR,20,1시간 4분
tRz8KMl,14,23분
tRWw6VR,10,24분
tPVdndw,21,1시간
tlAjAZE,12,23분
tPynn4l,25,20분
tRXJQxl,25,23분
tPdZpVE,24,1시간 2분
tEkBw4l,32,32분
tEk334E,12,22분
tE3Ax1J,209,58분
tRNAaJE,658,1시간 28분
tRWwJvR,12,23분
tRW0a6P,10,58분
tRwxXDP,18,1시간 2분
tlAny5m,26,59분
tlLrZk4,16,1시간
tRXddDR,454,52분
tRzL1rL,8,54분
tR2BXBR,16,1시간
tPJ1joR,12,22분
tE1beNR,16,1시간 3분
tEQY4AE,50,59분
tPD9bol,13,24분
tPJjqpP,503,1시간 13분
tEKzw4Q,10,1시간 10분
tPdMv4l,10,59분
tE6z7nE,16,59분
tR2890l,20,59분
tRaB90P,16,59분
tl9BDbE,11,46분
tEg9AVP,16,1시간 2분
tlALjGP,12,23분
tl9OwaR,20,58분
tEgrr4l,50,1시간 5분
t8E6Qql,30,1시간 3분
tE1bkgR,21,58분
tlndz1R,11,46분
tPVAJwR,12,24분
tE6BbME,20,1시간 11분
t2RaOQl,60,1시간 2분
tRN1ZdE,10,58분
tEg9D5P,16,58분
t4P8ndE,24,1시간 3분
tEkzQMl,23,1시간 4분
tEm9YpW,32,1시간 3분
tlGNQ2B,10,59분
tPvjQwP,20,58분
tEozXVl,30,1시간 2분
tlYeo5x,6,1시간 27분
t9PJopl,20,1시간 2분
tlYdoXP,16,1시간 2분
tPeg6KE,4,52분
tR48YwR,20,57분
tEmzBdR,40,1시간 3분
tlL79dP,11,1시간 10분
tlYKamR,13,23분
tR5xwLE,17,1시간 3분
tRa3pLl,25,24분
tlOmvXR,12,23분
tPjDd8E,10,24분
tEmBz9R,16,1시간
tEqnypR,21,59분
tRwQ8Wl,20,1시간 6분
twRp3oE,20,1시간 3분
tRwd96P,9,21분
tR5799l,2,1시간 9분
tE1b83R,18,1시간 4분
tlOmozR,48,1시간 35분
tRaNAzP,12,23분
tRBeb2E,16,1시간 5분
tRBe6BE,16,43분
tPdYJXl,16,58분
tEZQJOl,16,58분
tR2zBzR,26,24분
tlLnOeR,55,1시간 20분
tR5zkdP,10,46분
tRBBA2R,21,1시간 2분
tPjA6DR,101,1시간 8분
tEgA5JP,44,24분
tRp47z9,45,33분
tEKmJXP,32,33분
tlYA1Vl,8,1분
tEK2rjl,20,59분
tRz0rJl,20,1시간
tEozMAl,32,26분
tEkqAGP,76,41분
tRXOAxE,16,1시간 3분
tE32K8l,186,1시간 22분
tPrOzVl,16,59분
tE1bb3R,16,1시간 2분
tlYAB1l,20,1시간 1분
tRpvj5l,494,1시간 29분
tPVnLOP,11,57분
tRBw02P,10,58분
tlLBkdR,16,1시간 3분
tlxMbJE,16,1시간 1분
tP8Qk3l,20,1시간 5분
tRN43vl,16,49분
tR5xb9E,123,23분
t5lYwJR,30,1시간 5분
tPvjDJP,52,1시간 4분
tPvxDwE,12,23분
tR4wLwE,6,28분
tPjZWJP,16,1시간 4분
tE3xd2R,11,57분
tR28Vvl,24,1시간 1분
tR7LVa9,20,43분
tEQ7Vwg,12,23분
tARXBkl,16,1시간 5분
tRMxjoM,16,1시간 5분
tEgMqe4,45,44분
tPed2dR,20,1시간 3분
tE6kBrR,8,46분
tE0JABP,12,51분
txR4Jyl,16,1시간 7분
tlx2Y4R,13,24분
tPJBB6P,20,1시간 3분
tRN7J7z,16,59분
tRaD9Q9,24,25분
tE3peKR,8,48분
tPd1bkl,3,58분
tNR5aXR,21,1시간 3분
tR4JbzY,14,23분
tE1541M,1,1시간 45분
twRpo9E,24,1시간 4분
tR76aME,16,58분
tPDeeJl,21,1시간 5분
tlx575E,11,55분
tE37z2E,20,1시간 4분
tPy46DR,28,1시간 3분
tPrz77M,6,52분
tR72e7A,12,23분
tlLrynK,8,50분
tE3zV2l,5,11분
tRMXyGE,26,24분
tEqDK1l,11,57분
tPrONOl,52,43분
tlY0BQP,16,1시간 3분
tEZyrdl,100,23분
tEqXQ2l,16,1시간 3분
tPVyXwR,12,23분
tRMywGR,8,46분
tPJZQn7,13,23분
tRwNJ6E,11,57분
tlGjmQP,17,59분
tRaDMOq,1,54분
tEZbmqE,16,1시간 2분
tPJ6KpP,27,24분
tR4JbLY,23,20분
tPDOmbd,12,23분
tlxBDJR,8,1시간 4분
tWEgZJl,16,1시간 3분
tR28Jel,8,1분
tRMZgbP,13,23분
tPda94l,8,58분
tPvb9vZ,14,23분
tE3DAeR,58,45분
tEqd8Dl,11,23분
tRp47A7,598,2시간 10분
tRXJJkl,12,17분
tRBeA8E,81,44분
tlABBmE,3,45분
tlGNzp4,10,45분
tl9wLrA,26,24분
tPDjngE,1,1시간 8분
tlY0ZVP,2,5분
tRzL1KV,12,30분
tR4JbBK,61,47분
tRWmrLv,20,31분
tRWrvNE,10,58분
tP8a4q2,220,1시간 13분
tR2ewbz,50,46분
tRN7Dyz,12,23분
tE3wBoE,10,59분
tlGjg0P,32,32분
tEkAJMP,10,56분
tPVdNBp,197,1시간 14분
tEojajA,24,1시간 3분
tEoa6VP,9,58분
tPeOvKE,10,57분
tR2ewaj,16,57분
tlxMxoE,10,58분
tlObKXL,11,57분
tlAnyXr,243,1시간 21분
tP8VrKE,12,24분
tRB69K7,25,23분
tEqoJdP,10,51분
tEm9Ynp,24,23분
tEmnY2R,8,58분
tE32Q5l,267,1시간 11분
tR2ewVe,16,1시간
tE6GDzR,75,24분
tPr6MxP,10,53분
tEojNNy,8,53분
tPy8v24,10,59분
t8lxpkl,2,1시간 1분
tE6Y4pz,12,23분
tl9gB5Y,25,27분
tPer1Kl,1,1시간 12분
tPeO3qE,30,41분
tRWd0vP,11,56분
tEqb7YR,1,1시간 16분
tPDjeJE,18,42분
tR2ZzWR,48,45분
tPj1VQx,7,23분
tR72eKB,104,1분
tEQ24KR,20,1시간 3분
tRN40bl,10,46분
tRzrNYR,10,46분
tE6DmyP,10,55분
tEqXrpj,10,57분
tEgr6Jl,6,52분
tE1b0MR,14,44분
tEkOqM5,36,45분
tPjA99R,22,43분
tyE3Y8P,18,1시간 4분
tlnNY0G,6,59분
tEkBABl,12,23분
tEkqOdP,11,1시간
tR7pz9P,9,48분
tlYm84l,32,30분
tRzzwMR,10,59분
tEQk4QA,16,1시간
tE0ZwBP,10,57분
tEojNWV,12,23분
tlALmrP,55,41분
tPeWKBq,56,45분
tP8a41x,10,41분
tEojNvV,10,46분
tE3Aw47,16,58분
tE15wLd,10,58분
tlxk5g5,12,23분
tEQk3qp,26,44분
tR2ewQe,6,51분
tRMxgjg,55,43분
tE37aJE,13,44분
tR4J7g5,10,56분
tRX538v,10,16분
tPerAGl,12,8분
tRwdM8P,12,24분
tRb8brl,56,47분
tRX3gQE,47,22분
tRBXWwl,13,24분
tPVAXLR,28,22분
tE02dry,13,23분
tEkd9Bz,1,46분
tln7QqE,1,1시간 5분
tPrzdQW,222,46분
tRam69R,49,21분
tPjAvDR,631,48분
tPrzdpM,11,1시간 8분
tRbqnkN,10,47분
tEkoL4E,22,23분
tEgqX3P,12,28분
tEo6Kbl,20,1시간 1분
tEKzwnm,16,1시간 2분
tRWmGpd,41,44분
tEKjaXl,8,47분
tPJZYkQ,12,23분
tE02dpN,12,23분
tRaMLQR,8,2분
tEKzOeX,24,30분
tEKzOa5,24,35분
tP8aGyA,1,45분
tRBXdql,50,32분
tR2BoDR,156,14분
tEmnzkR,8,48분
tl9g3Ap,347,58분
tRNN89R,40,43분
tlON5wP,11,57분
tPVdXpw,24,37분
tPrDxZE,10,57분
tR2YVjE,1,1시간 5분
tEQ7W9P,54,1시간 4분
tP8V8nE,1,1시간 4분
tRwQ5Jl,50,45분
tEQk3JA,12,23분
tPemBeP,10,58분
tEqKbvP,11,1시간 9분
tE0mwvd,16,46분
tlxn0WR,3,28분
tPVdnkK,23,22분
tRzgwVP,32,35분
tlAny9w,10,48분
tR72bAk,148,1시간 4분
tE02oOP,14,27분
tE0Jv2P,52,23분
tlxkdOX,24,34분
tlO1D6R,12,23분
tlONXDP,7,48분
tPvxm6E,12,23분
tPrz9jx,15,8분
tl9g3gr,16,1시간 3분
tE0G0wl,60,45분
tEonzol,36,45분
tRpbA6l,27,22분
tEmbnrR,12,12분
tEg934P,9,1시간 30분
tE3Ax0g,10,51분
tR4J7La,10,23분
tlAy9zl,10,54분
tR5729l,12,14분
tRb895l,27,40분
tEQ7Vag,13,23분
tEZbMNE,22,58분
tPvbWzy,20,1시간 9분
tEKOLQE,42,46분
tRz09Ql,10,57분
tEqZOnY,48,42분
tPdMe1l,13,21분
tlOmV8R,24,17분
tEgAGOP,241,1시간 5분
tE15w4p,2,1시간 35분
tPJjJpP,12,23분
tEqop2P,12,23분
tEmv32R,11,57분
tR2ZdBR,14,23분
tlxnXnR,26,23분
tlA09BP,20,1시간 4분
tRbqB85,24,47분
tPVdn2N,77,1시간 29분
tPvxyOE,24,41분
tPrzAMM,1,1시간 5분
tRXJL7l,3,1시간 3분
tPeWzDe,10,56분
tRMmwqR,21,2분
tPerd6l,4,1시간 5분
tPvjdwP,24,1시간 4분
tPJx8QE,48,20분
tRzL1YA,37,19분
tEQXYwl,21,46분
tPenv5l,23,1시간 29분
tRMyZwR,42,46분
tlAn6zr,6,48분
tRbNKYR,12,25분
tE1wppP,54,45분
tE6DnNP,11,34분
tRpbO7l,12,24분
tRXNbDl,1,57분
tP8aGkd,32,1시간 1분
tPJXewE,144,1시간 49분
tPDOdyd,35,34분
tR76oYE,10,1시간
tE3zg5l,1,1시간 14분
tlAn6XZ,24,23분
tlOja3P,8,3분
tRX5bGx,16,1시간 2분
tlLrykW,134,25분
tRMnQMP,12,24분
tEKB9yl,10,43분
tEggAVE,12,20분
tlxMQ5E,8,48분
tlYmK9l,25,44분
tEKmrjP,48,45분
tEkOJ9d,16,1시간 7분
tRN76eY,28,40분
tEqbjDR,10,58분
tE3wY1E,34,43분
tlYyDxl,25,24분
tR273BP,50,24분
tRpbxgl,25,24분
tRwv2vE,12,54분
tR471YE,51,21분
tlGeJ0R,16,48분
tRbqng5,21,42분
tE0jBXP,49,21분
tEgMBzA,62,46분
tEQYOwE,3,26분
tRpdpGR,10,8분
tEKO1yE,23,41분
tRNBXbR,47,21분
tPDzanE,98,43분
tRzL1NJ,24,46분
tRa3Z8l,35,46분
tR726Jk,39,7분
tRWmB8a,1,1시간 52분
tEqbZpR,28,44분
tRB6ZnB,24,40분
tR7q89l,28,39분
tRWmGva,7,59분
tE0w2Nl,46,45분
tEqnp2R,22,42분
tPvxa6E,1,1시간 5분
tRbqYGz,1,1시간 5분
tR5VdNP,3,26분
tPVAmKR,20,47분
tRwdKDP,21,43분
tRW1Wnl,8,26분
tRMyLMR,1,1시간 15분
tRz5YYE,8,23분
tRWBxz8,12,24분
tR5Va4P,49,22분
tEKMYQP,2,1시간 6분
tEZMKql,21,42분
tE156y4,61,42분
tRWmV1a,5,23분
tPjV9OP,10,1시간 10분
tPj1Wba,39,45분
tR28qDl,15,26분
tEgrvAl,11,57분
tE6b1QE,6,9분
tRaM13R,3,1시간
tRX5r1d,24,35분
tRamYwR,20,1시간 7분
tPJZYa6,16,31분
tE3z4ml,10,45분
tRWmr68,25,43분
tEK24Vl,35,42분
tPd3z72,13,23분
tPV0qLE,11,1시간 1분
tR4J7MD,16,25분
tRWmrJD,30,42분
tPDOdB7,46,45분
tRwYODl,12,24분
tPvKxpl,13,23분
tE156VM,24,43분
tRp62ol,12,48분
tlGNeVZ,28,41분
tlGNzx0,35,40분
tR5KwrL,5,53분
tlx2mnR,24,23분
tRw5q6l,27,22분
tplAnmE,16,55분
tlYdKQP,16,59분
t0RbwdP,16,1시간 5분
tPypY9R,341,1시간 28분
tlnNYzG,8,23분
tEmv2rR,10,15분
tEQ8WKl,10,49분
tRwYZ5Q,12,23분
tE6B7QE,20,59분
tR2gdMD,16,14분
tEgA22P,40,59분
tRadZwE,7,59분
tRzr8oR,16,1시간 2분
tlx2onR,9,50분
tEqo6vP,12,23분
tPDOjVA,8,48분
tRW0vNP,50,23분
tl9ZVWE,13,43분
tlGBaDP,10,1시간 32분
tPvxMyE,11,29분
tRNrgdv,25,23분
tPD9wQg,12,23분
tE3Axw7,12,23분
tR2eyZz,56,45분
tEgMBVr,24,24분
tEm9b6B,8,51분
tP8LJ6K,11,41분
tlLrZ7d,10,14분
tEQyMgE,4,45분
tE6DNqP,52,51분
tRaD9Yz,14,23분
tEqZdZd,14,46분
tPd3MON,10,54분
tR4J7Jo,40,52분
tRXdokR,11,24분
tPDyyLl,12,23분
tR2LpJd,7,46분
tRbqNrN,61,45분
tl90YAP,10,57분
tPDwLWL,6,43분
tlYeADA,4,51분
tR2LOoz,26,44분
tPenOol,5,17분
tEQ2q1R,4,54분
tPrOZYV,12,9분
tE3AzMK,12,40분
tlnNBVe,36,38분
tEm9mAW,9,3분
tEmmw9E,10,41분
tRz74AP,5,51분
tEm9Kpr,16,59분
tRX5bYK,12,24분
tRzLgKQ,40,46분
tlA04Dr,24,11분
tEqZOBD,10,46분
tEojQGo,16,44분
tE07kBl,40,42분
tPvjJ5P,4,45분
tR4JbGD,6,51분
tRB4V6J,12,31분
tRB6L2J,6,43분
tEkoLzG,12,24분
tEZMdjZ,51,22분
tEqnGvR,40,45분
tEmXYd2,14,20분
tPdY02l,41,45분
tlYeZJX,25,23분
tEgAkmP,1,1시간 7분
tEqZDxD,24,53분
tRWmwon,24,26분
tPy8vWg,39,46분
tR2ewL6,8,43분
tR4aJmP,10,1시간 5분
tPVXdvL,8,41분
tRzzYZR,36,49분
tPy85Jg,10,43분
tlYeor9,46,45분
tPvKyZl,60,41분
tEQk3Y9,53,46분
tPv05KE,40,45분
tPy8Je4,10,43분
tPvbd6p,6,27분
tPj1mjD,146,54분
tPJ6mNo,12,23분
tR5BBXP,52,42분
tEqyKpE,6,2분
tEg1LWe,34,36분
tP8aVxz,4,16분
tR2zMvR,13,22분
tRp4vAG,25,4분
tR2eZyW,16,42분
tEZyAZl,8,1시간 9분
tEkzK4l,60,40분
tEqyjpE,13,14분
tlYeZXQ,20,16분
tlYeoD8,8,48분
tRNAjdE,11,21분
tEKzYv5,24,38분
tRwGvy8,45,45분
tlGNQL4,26,5분
tEKzx4n,2,1시간 27분
tEm936r,52,24분
tlOmXZR,86,42분
tRwGxoJ,222,1시간 3분
tPV6XbP,10,59분
tR2eZgD,30,18분
tEZAn5N,14,3분
tPDdodP,45,47분
tEkOJ6a,25,24분
tRX5b28,12,24분
tEQk3ae,26,11분
tRB69Mq,16,1시간 3분
tRWmV4a,24,33분
tlxjp5R,10,55분
tE1p24l,52,22분
tR7qx6l,12,23분
tlA0Y1B,12,23분
tR2eB2D,37,45분
tRzLrYk,60,46분
tRaA59R,24,44분
tEm9YZ8,48,23분
tlGNOzZ,12,57분
tR4BkOl,50,41분
tRzL5pM,40,42분
tR760kE,10,39분
tE1pL3l,13,23분
tPJZWJ6,10,1분
tEgM9r4,65,48분
tl9gBpb,12,12분
tE6YkQ3,12,1시간 35분
tPdZJkE,12,21분
tlYeKa9,20,36분
tEQ7K4P,47,42분
tE3kW2E,45,44분
tlGyJ1R,44,22분
tEqZbgD,65,48분
tEqZd9Z,20,46분
tE15koM,6,59분
tRp4aK9,40,46분
tRN1NYE,1,1시간 9분
tPj1WKa,13,14분
tPdYyXl,50,45분
tlxkdVW,48,23분
tEo6nbl,45,46분
tEgA1OP,42,45분
tPvb8DJ,14,50분
tRaDAr0,7,44분
tEqZXL6,34,42분
tPjme0R,40,45분
tEgM1J5,26,42분
tEkOqn4,32,45분
tlnNYQ5,26,13분
tEqodpP,5,16분
tE6DwyP,69,42분
tRX5b7Q,56,46분
tRNd7kv,10,43분
tE3wm7E,30,45분
tE0mkoX,24,42분
tRwGpeL,20,45분
tPDOjr7,48,45분
tRWBDDE,42,47분
tRzLWr5,41,47분
tlYeKY8,10,34분
tPdYq1l,51,42분
tRNB49R,50,45분
tRzLoNY,35,45분
tEg8jOR,36,42분
tPerwGl,49,23분
tR72bNx,42,40분
tlGB4m1,12,23분
tR48Q5R,12,49분
tRb8AAq,51,24분
tRW34aR,30,46분
tPvbQ8K,24,42분
tRB6ea6,26,11분
tRMxyQq,36,45분
tRp6Oel,77,45분
tlLmJrE,1,1시간 1분
tPeWzAo,26,11분
tRBAnJE,50,45분
tR72eAM,26,7분
tP8ax2r,24,42분
tlnNW05,46,46분
tR72ZOx,54,45분
tln275l,12,46분
tEZMVKl,12,12분
tlAn4zM,24,40분
tEmK0WP,33,40분
tl9OWjR,35,42분
tlAwgZR,40,45분
tlYK28R,20,15분
tlxknLX,16,47분
tRMxJ9n,10,20분
tPy83y3,37,42분
tl9g74a,26,13분
tR7b5xE,42,46분
tEqZ4XY,16,10분
tPVw9xl,34,45분
tPj1W19,32,41분
tEqor6P,46,12분
tl9LkpY,78,8분
tlYeZzV,4,13분
tRwQb8l,42,45분
tlYy49l,225,11분
tlGNzKD,1,1시간 4분
tE1bmNR,42,47분
tEojbX6,52,46분
tR2pXvl,39,46분
tR72eLA,8,40분
tRNAndE,8,48분
tlLaOJE,11,57분
tRX5QG8,46,51분
tlONYwP,44,42분
tE02nbN,12,23분
tE1ZwNR,8,44분
tlGj64P,54,45분
tlLNXJR,36,46분
tR5KZvZ,58,42분
tPj1Wr9,46,45분
tRMyQnR,37,43분
tRaDMB8,55,45분
tPeWzYK,26,12분
tlGm4BR,31,46분
tPeWB6e,6,4분
tE3wk7E,62,45분
tRB6Zv3,38,42분
tR72e8M,76,7분
tlOjk6P,30,43분
tE07Owl,30,45분
tR2egrW,8,46초
tEqBrV2,20,43분
tEZAMNQ,1,49분
tEgMqzr,41,45분
tRWmxQO,6,43분
tlAn63w,4,48분
tR7qnBl,12,1시간
tRWmBjv,26,13분
tRwG58v,10,1시간 4분
tPJZ1o7,3,18분
tRzgMLP,31,41분
tR4J76O,26,14분
tPDOyvn,12,21분
tPVdNVL,10,49분
tP8awwn,10,1분
tlxBeXR,12,57분
tEgMB5V,25,1분
tE3kgoE,25,44분
tPvbWJO,18,1시간 14분
tE1Ky3P,225,1시간 4분
tR2ew8z,60,4분
tE3wXoE,28,45분
tlYeKd1,26,21분
tPVyAxR,5,16분
tPrzd6O,9,1시간 6분
tR72b59,12,45분
tPDOmvg,4,1시간 14분
tlLrBVr,2,1시간 3분
tP8aGQz,12,23분
tlLnB4R,5,17분
tRMyMaR,3,29분
tlAn40m,11,9분
tPrzdGd,6,1시간 1분
tRB64L8,10,9분
tPdZXQE,8,51분
tPvbD0w,1,1시간 7분
tPj1VaO,1,1시간 3분
tPJZWe3,26,22분
tl9pnWP,10,1시간 36분
tlnMn7P,2,49분
tE3DbAJ,13,6분
tP8x3zP,1,1시간 6분
tPJZzJ0,26,22분
tPeWK1d,52,12분
tlA0gOY,4,25분
tEozG5l,3,47분
tRwGQG6,20,22분
tE1Kx5P,10,1시간 33분
tRzLrvQ,30,45분
tRNrOYR,52,3분
tR72eyV,32,47분
tE1KvWP,7,5분
tRNegvE,2,44분
tRz7LYP,22,45분
tR5z39P,6,1시간 27분
tlALdMP,3,25분
tPvbWBy,2,59분
tE3xrKR,30,45분
tR2ezKB,5,45분
tPy85d7,32,34분
tR5g8dl,8,49분
tE3AD77,8,46분
tlxk5qk,9,1시간 36분
tlAnYzB,43,4분
tEKmN6P,7,44분
tPVd63q,6,1시간 19분
tRwGYn8,12,8분
tEmbvWR,5,16분
tlObjqj,4,44분
tPDOdW1,50,10분
tPyBoGl,10,1시간 26분
tR4a3mP,145,1시간 28분
tE15kJp,4,50분
tE15LN5,10,41분
tEq8vYl,5,17분
tPDOmdA,4,1시간 15분
tlxkXm4,12,46분
tRaDmX0,1,49분
tEqZOwv,43,1시간 5분
tE156v5,12,1시간 30분
tlLra5e,30,44분
tl9gpVA,52,12분
tR2YgQE,3,47분
tlnNL8q,12,45분
tR72Zk6,2,54분
tEmbW2R,13,44분
tRNrz7R,8,44분
tRzLgyZ,1,43분
t2lngqE,18,55분
tRaD5LQ,78,8분
tlYeAMV,26,22분
tRN7Jj1,30,2분
tE3ADpe,16,41분
tRbqn6Y,12,1시간 7분
tR5KZm9,1,48분
tEqoyYP,12,25분
tl9g36Z,248,48분
tl9gd4Y,1,54분
tPJZWWp,10,45분
tRwGZML,3,48분
tPy8gje,8,46분
tEkALjP,14,1시간 15분
tlODx4z,12,48분
tRwd4DP,5,17분
tR2edO6,7,3분
tlGNQ9K,52,14분
tPVdZ2b,34,50분
tPd3bay,8,1분
tEkOdZn,84,21분
tlxBpAR,30,26분
tPDOX3L,52,11분
tRW69OE,5,17분
tPJZKe0,45,45분
tRwGpkW,26,58분
tPrz6JM,14,7분
tEkOqgM,1,1시간
tPVAmqR,5,17분
tR2ewmQ,12,56분
txPvLyE,24,45분
tlxkd2A,5,4분
tRbqArg,13,5분
tPvxgwE,2,9분
tE1kjgP,3,25분
tPy8aVe,2,48분
tl9gM9b,30,45분
tlnN2KG,26,11분
tE6Yd2K,12,52분
tEmbJ2R,8,47분
tRX51Yk,1,1시간 10분
tRaDM1b,14,2분
tPVw2ql,5,16분
tPDOdxL,9,2분
tE0m2kw,1,48분
tEkOJGB,12,45분
tPV67OP,4,16분
tlxk5LX,5,45분
tEojoo6,12,21분
tlxkZ2J,13,8분
tR2ynQE,7,28분
tE15we5,12,23분
tRa814q,52,12분
tR72LQB,13,21분
tlGNjyb,23,1분
tRp4aQ6,63,46분
tE6Y2Wz,1,1시간 28분
tEKzOXX,12,50분
tEQkArA,6,45분
tPj14D8,5,42분
tPDOzNd,4,48분
tPy8J1x,13,16분
tE3Awgo,5,12분
tl9gBKW,14,45분
tRWmGV8,6,45분
tP8VyrE,12,1시간 7분
tE15pWM,26,22분
tRMxnrp,1,48분
tRzLg65,10,2분
tlObZAB,13,1시간 18분
tR4a7aP,3,47분
tRwGb6m,17,42분
tEZymKl,4,52분
tEgM1nA,1,42분
tRWmrwO,21,47분
tPj1DG8,10,1시간
tRB6x1w,16,1분
tlLrydK,4,1시간 23분
tRWm09D,2,43분
tRaD3j0,18,1분
tPj1Vox,5,1시간 20분
tEg1Y9m,21,43분
tEqow1P,16,8분
tEkLY8M,32,29분
tEqZbyd,10,1분
tR4JbvL,10,2시간 16분
tRamd0R,5,16분
tPj1mM0,8,8분
tE0mjDw,30,1시간 5분
tRWV8XE,20,16분
tR72egB,1,1시간 27분
tEkOB6j,1,49분
tPDOz4r,12,47분
tPd3BMM,16,45분
tEqZy8D,4,32분
tEkAvnP,5,17분
tlnNLAz,3,50분
tEqZO4D,30,13분
tRWmVAd,6,19분
tR2eg6W,5,43분
tPj1bea,30,47분
tR72q09,11,1분
tE0mnbx,33,45분
tEQk3x4,6,1시간 7분
tE15kyd,30,45분
tPjb9aP,1,45분
tPjWj0l,45,43분
tEQy9DE,2,44분
tRX52mQ,3,47분
tR5Zw9P,9,20분
tRpM9BP,5,17분
tEgMBr3,12,1시간 48분
tRW3oXR,12,54분
tPDO96o,2,52분
tE0mw2w,4,54분
tR2edLB,38,50분
tEm9BB2,10,10분
tR7wjkR,4,46분
tRwGpXm,12,59분
tPVywOR,13,57분
tPy8JmG,26,6분
tR4J82K,17,20분
tRzL5jQ,26,12분
tR5Zy9P,5,16분
tEKz1a6,6,26분
tlYeZB4,11,46분
tRMxJpM,20,9분
tlObKvD,8,1시간 7분
tE1Lovv,26,21분
tlGNQkB,6,46분
tE6YbKK,1,49분
tE64kQP,26,45분
tEmXj6k,36,44분
tRWm1aV,31,43분
tR72qr9,41,9분
tPDj7oE,5,17분
tRp4aeo,26,14분
tPvbWpM,42,18분
tRMxaVq,6,43분
tE6Dk3P,5,18분
tRa3AW8,45,11분
tPJjMKP,45,1시간 29분
tR72aXB,4,27분
tE0dY9N,6,50분
tEkONAj,4,43분
tPdBjdE,13,8분
tlAnABZ,1,1시간 7분
tlYeKbX,1,49분
tE3Axm5,5,49분
tlObdy6,5,14분
tPDOzMg,20,12분
tEqoypP,12,46분
tlObK5Z,12,1시간 5분
tEQ7MAP,2,50분
tPj1W5Y,6,43분
tRbWWNP,12,42분
tlLmDzE,7,15분
tlAw4ZR,50,9분
tPvb9y5,23,46분
tEgA6eP,48,1시간 32분
tRw4zWP,12,23분
tEmnrrR,4,59분
tEojQa2,40,45분
tRamo3R,40,45분
tEZdgNP,25,23분
tR4J7AK,103,56분
tPenaKl,5,16분
tl90ZaP,1,51분
tEgMBa5,27,2분
tlxVxoR,8,51분
tR2ewnv,12,1시간 3분
tRamkLR,1,1시간 5분
tRX53Xd,4,45분
tPemaoP,12,55분
tlGNq5B,6,43분
tEgoB4E,10,49분
tPer2ql,3,28분
tRN71pJ,10,1시간 27분
tlAnY8G,28,41분
tPj193w,8,42분
tlYeKwQ,4,26분
tEojaJV,10,13분
tlYeZ01,4,7분
tPy8ord,32,4분
tP8doNP,12,54분
tl9pLaP,4,29분
tRwGpn8,10,1시간 18분
tR7xjxP,4,52분
tRB64Yw,5,31분
tEQX8pl,5,16분
tPVdAVb,6,9분
tPrzZ4r,11,43분
tEQXAgl,2,48분
tlObjQj,2,48분
tEq8Bdl,10,7분
tlOGNDl,52,11분
tPDOzZr,4,1시간 19분
tlOb1AD,2,52분
tE0mwY2,1,1시간 7분
tEZQ29l,24,45분
tR2ew46,13,23분
tPVdADb,10,23분
tRN7dMJ,40,40분
tRWmVWO,2,56분
tEoj6ZV,12,49분
tEqnYdR,12,45분
tE3Ax17,26,10분
tR72em6,12,45분
tEm9o62,26,11분
tE02MdP,5,17분
tEqZDN2,218,1시간 32분
tl93Y6R,30,45분
tR4JKKy,9,46분
tPyBz7l,307,1시간 32분
tlLr4Va,1,48분
tlnNvr7,10,46분
tRWVJOE,1,1시간 3분
tEQk7G1,3,26분
tRp4OY5,43,45분
tR5zMpP,5,17분
tEojvxb,13,19분
tE3AxNo,4,45분
tPvbWqp,35,1시간 9분
tPDd9oP,12,1시간
tlnN2j9,55,47분
tEqZB6Y,10,22분
tPr8XxE,5,16분
tPynOgl,1,1시간 9분
tRaDNy8,16,23분
tPrzZ1d,135,56분
tE3AxY1,12,1시간 3분
tRXdAvR,5,17분
tP8ax6n,4,54분
tRWmwNN,1,48분
tPDjMJE,13,1시간 12분
tlnNZaG,13,6분
tEKzOm5,20,2분
tlObZv3,6,1시간 18분
tPJZ1B0,4,22분
tl9gZVp,67,21분
tEkBBBl,4,47분
tRMxjGa,12,47분
tEZA7oO,1,57분
tE6Yr0K,10,1시간 27분
tRaD8oL,23,43분
tRWmG2v,16,1시간 10분
tPy8goe,21,1시간 27분
tRX5rbx,12,30분
tR4pGwR,4,59분
tRB69A3,12,24분
tE6Yrgr,6,49분
tPd30v1,8,43분
tRX52Qm,52,7분
tRwGpyL,4,57분
tR5Kp9L,26,11분
tPVdVbq,36,48분
tRwGQQD,26,13분
tRN7Da1,10,9분
tlAn4KZ,1,47분
tRMxg9q,1,22분
tP8a1M3,4,24분
tRB6Ljq,1,42분
tPvb9kK,12,30분
tlxB53R,10,46분
tRW0BOP,36,23분
tlLmWXE,10,49분
tPVdw2L,2,51분
tRaMWqR,1,1시간 7분
tE3Aj3m,1,49분
tR2e8ee,3,44분
tRWmBja,52,1분
tEkOoNz,6,47분
tPvbY5y,52,14분
tP8aw6d,3,51분
tE6YGJM,3,44분
tRwGvnk,1,1시간 7분
tEqZbm1,52,12분
tR5KbN1,26,15분
tlxkZoo,1,52분
tE32D5l,12,1시간 1분
tRWmGeO,7,1시간 1분
tRW0LaP,20,53분
tEgM7em,2,45분
tPDOmk1,12,58분
tE32d1l,10,3분
tR4Jbmw,13,46분
tRB6Z06,1,1시간 5분
tlYe0j9,12,1분
tEgMAXV,1,42분
tP8a49n,1,1시간 3분
tRzL7YM,1,50분
tlGVMBP,10,55분
tPvZABW,4,44분
tR4Jq1y,2,48분
tRX5JLO,4,50분
tPJZYbK,10,1시간 2분
tRWmx8a,7,18분
tPDyB4l,5,17분
tPd3Zny,20,10분
tEQk4mg,16,4분
tPDjNAE,5,16분
tRaNrQP,26,21분
tRzL1q5,10,45분
tRbqBW5,16,45분
tPDOyOd,1,50분
tEmBQOR,3,24분
tRN76dY,49,45분
tE1a7pE,5,17분
tEQkAnk,6,50분
tEqdgQl,5,17분
tEqZyAZ,12,1분
tPDOVDJ,38,46분
tEkB65l,8,48분
tEQXZKl,10,2분
tEQk3aA,1,16분
tEm9m5k,54,1분
tPVywxR,12,46분
tRMg64l,34,50분
tRaDM79,7,2분
tEZA70O,13,23분
tPy8z8p,8,43분
tEm9X62,40,22분
tPeBgGl,5,16분
tEKzYD6,6,46분
tEKzxAn,12,1분
tlAjBzE,5,17분
tRN7159,1,46분
tPd30L2,8,41분
tRXOw8E,25,45분
tlnNZy5,24,20분
tPy851G,12,20분
tPDj91E,12,1시간 6분
tRWmGXX,17,1시간 29분
tEkN9Bl,12,13분
tEqZbp6,40,29분
tRBxQBl,5,17분
tlLrm4J,12,1분
tPrzdyd,40,42분
tl9gwJr,8,50분
tEgM223,4,51분
tR2eZ5B,5,10분
tE0m4jd,3,23분
tEZAyY8,25,45분
tRwGYzD,7,43분
tE6GjKR,2,45분
tEZdkNP,5,17분
tlnN2av,13,24분
tE0mwMN,4,1시간 3분
tE3Axbe,6,14분
tPDO9g7,6,46분
tPJZeqo,2,20분
tEgM9G5,26,26분
tE3AzrJ,5,5분
tEQYagE,48,41분
tPr66dP,5,33분
tR4J71D,52,10분
tE3j37l,26,24분
tR5KkgN,39,45분
tRwdevP,6,1시간 1분
tRz775P,6,47분
tlObZz8,14,1시간 17분
tRaDrrq,4,48분
tRp6Jxl,5,16분
tRwGQWk,54,46분
tEojNAb,6,51분
taPewNE,20,1시간 5분
tEKmnQP,10,10분
tR2ew6W,208,46분
tE6ronE,3,28분
tlGVdpP,5,18분
tR4qaDo,52,2분
tPVydKR,6,1시간 16분
tl90jWP,12,1시간 16분
tEqoKZP,5,17분
tRp46bG,10,1분
tEZAyzq,12,1분
tEkONGM,52,10분
tRzLr6Q,13,24분
tEKzBem,26,12분
tRwGZ3J,13,41분
tLR2KvP,16,54분
tlxkd9A,20,31분
tlxBV3R,5,16분
tE3Ax75,13,4분
tlYemb8,1,24분
tlObJbj,8,51분
tPyzjGl,10,24분
tRWmwYO,36,45분
tP8aVwA,4,1분
tEo66bl,13,47분
tE1bXMR,4,22분
tEqZX91,60,5분
tEoj15b,27,2분
tlAngyG,12,1분
tlnNMo9,5,46분
tRWBxdn,25,23분
tEgM16V,16,26분
tlYe7B1,15,1분
tPd3AQ4,56,45분
tEg9O3P,1,1시간 4분
tlAjjrE,13,1시간
tRz0JVl,2,51분
tEmn38R,5,17분
tRWmWpO,26,27분
tPJZXwp,2,48분
tlx8Vkl,268,56분
tRzL5yk,26,13분
tPypdeR,26,22분
tPdA21l,26,24분
tE3DM5R,22,23분
tRzZgVR,13,23분
tE1KpWP,22,23분
tRXJ4ml,4,24분
tRWBgvE,13,24분
tEg8YJR,21,23분
tEg74mE,26,24분
tlLmw4E,12,24분
tPvb92p,13,25분
tRMnX0P,12,24분
tR2zGjR,23,27분
tl9w3WR,12,23분
tR2zLjR,38,50분
tR2gnzP,12,23분
tR2ezDD,30,23분
tlx2ZaX,8,22분
tE0mebX,26,25분
tPDygnl,12,22분
tPVyB4R,12,23분
tEQV5we,13,23분
tEmbmdR,26,23분
tl9dGrP,13,24분
tE3pxKR,12,24분
tEQAAkE,13,23분
tRMxgba,12,23분
tEQ7wkP,39,23분
tEZyd9l,13,23분
tPdZnME,10,23분
tEKMDQP,12,23분
tE3AwmJ,12,23분
tRXN21K,17,23분
tRXJbQl,12,24분
tE3D5JR,13,26분
tRaANLR,12,24분
tPvxbpE,12,23분
tPrzAGw,13,23분
tR7qYnl,26,24분
tlnL2OR,38,11분
tEon1Al,48,13분
tlAn64G,12,11분
tlYK0JR,25,24분
tRzZZZR,48,21분
tRzg8jY,51,19분
tlnLZeR,13,23분
tR2zyvR,51,21분
tE0JrNP,26,25분
tlLnarR,38,22분
tR4JrKo,54,8분
tEQkYXw,26,23분
tlGNBv7,12,24분
tlYeAzm,7,25분
tPeWOeD,24,23분
tlLrBeJ,10,45분
tEZAYMK,19,1시간 21분
tR2eyOB,21,1시간 20분
tR2eydz,16,1시간 3분
tEZAQWd,14,23분
tEgM24J,10,47분
tEQkrMk,10,1시간 8분
tlYeWK4,12,1시간 4분
tRWmrx8,12,24분
tEgM20O,11,59분
tR72Gy6,12,24분
tR72GZY,12,23분
tPrz9Zw,25,23분
tEZAQ6O,13,52분
tl9g7qY,201,1시간 9분
tRbq439,13,23분
tPvbdNp,12,24분
tR5KkaX,189,52분
tlYeWpQ,16,1시간 4분
tE0m2Xx,12,25분
tR5Kzqa,13,23분
tlLr4Ae,4,24분
tP8ax92,14,1시간 7분
tRX5d8Q,12,33분
tEojz02,10,17분
tEQkV7k,10,24분
tPj1mQx,12,20분
tEgM9A5,8,40분
tlxkMkW,1,28분
tEqZbQ6,12,19분
tlYey3V,26,28분
tR5KV1d,16,1시간 1분
tR72wBx,16,1시간 3분
tPJZ6Mp,13,1시간 23분
tlAngGW,12,23분
tlxkZqA,11,55분
tlLr4JK,12,24분
tE6YrDM,12,23분
tPj1Bew,13,23분
tEm9oQr,32,40분
tPd3Ak1,12,23분
tlObJWj,16,59분
tPd3MJX,71,2시간 17분
tlxknJJ,6,43분
tlnN981,12,22분
tRzLgOJ,12,23분
tRN7BAv,13,23분
tE3AjnK,11,51분
tRX5J5K,8,39분
tEgM8zJ,1,1시간 6분
tE3AJ9e,25,45분
tPeWONN,30,22분
tEQkAZ1,11,23분
tRzLrLA,1,1시간 3분
tlYey6A,12,1시간 9분
tlYeAVV,1,1시간 5분
tRzLZek,12,23분
tEoj7jA,11,1시간 9분
tlObGeB,5,24분
tPvbdOW,8,51분
tRWm6j8,12,23분
tPJZKMp,10,49분
tlxk2BJ,21,45분
tPJZjdQ,16,25분
tRp4vN6,12,23분
tPJZja3,8,24분
tlnN7nz,12,23분
tR4J4bY,13,23분
tl9g0X6,9,57분
tRwGMGL,10,52분
tPeWZ5G,13,23분
tEqZ8A1,12,23분
tR4J47Y,24,11분
tEKzO9n,17,1시간 11분
tPVdVNe,6,55분
tRMxZ00,12,23분
tlObDY6,12,1시간 24분
tR2e85B,24,23분
tEkOdWz,12,24분
tEQkAL9,21,24분
tEQkAn1,1,16분
tlGNBbp,12,23분
tEZAy1Z,12,23분
tRaDAW3,12,23분
tl9gLM1,11,45분
tRaD5NL,12,23분
tPj1mp8,36,44분
tEojQ6O,12,32분
tE3ALJK,11,55분
tPvbBOW,37,38분
tRMxXgn,12,34분
tEQkrQD,12,13분
tPVdXKL,32,1시간 1분
tRX51w8,56,45분
tE3ADW1,10,59분
tE3AzJ5,45,46분
tEojQqr,49,42분
tRwGxbD,10,45분
tR72Ljk,10,45분
tRbqBd9,12,24분
tRN7r97,10,1시간
tRaDMQb,16,1시간 11분
tRbqBLv,16,1시간 4분
tEkOdea,15,25분
tR5KkON,13,23분
tPj1m9x,40,41분
tRp4byx,24,41분
tR2e800,53,1시간 21분
tPJZ6W6,6,23분
tE0mk5x,12,23분
tE15pB3,10,1시간
tRwGdBJ,38,45분
tRN7e9Y,10,1시간
tlxkM2o,12,23분
tEZAMaX,12,23분
tlGNB2b,8,47분
tRwGxj4,12,23분
tPy8nye,36,45분
tEgM88e,12,23분
tlYeKyX,3,1시간 33분
tPj1xpJ,13,23분
tlLrmgK,12,23분
tPJZXb0,11,46분
tEQkr0k,72,2시간 15분
tRB64x7,10,1시간
tlYeAQm,10,45분
tPJZm2w,7,20분
tlnNW7G,20,24분
tPvbx2w,10,1시간
tR2e8qe,1,1시간 4분
tlGNyWb,12,22분
tEgM9A2,13,23분
tE15L0g,12,24분
tRMxym4,13,23분
tEoj796,38,44분
tEkOBqj,30,45분
tPeWKb6,13,2시간 35분
tPJZex7,2,1시간 45분
tlGNyKD,36,44분
tE3ADKg,13,23분
tEgM7aA,8,29분
tPj1A00,6,32분
tPj1WOw,59,48분
tEmoVBP,12,1시간 2분
tPd3A7M,12,23분
tEZAQJK,24,38분
tPrzdNV,12,23분
tlLr4ae,13,23분
tlAn0p9,8,23분
tE15az4,12,23분
tR4JrLa,9,44분
tRMxyna,7,45분
tEQkA2k,13,22분
tR5Kb5L,10,59분
tlxkn1D,36,46분
tR4JpVm,10,46분
tE15kW3,24,43분
tRMxXqb,10,56분
tRWmVo6,12,23분
tPd3J2M,7,48분
tEQkXN4,15,45분
tlObd36,12,23분
tlnNLDO,27,40분
tPrzBV0,12,29분
tE3ALr2,10,45분
tR2ez6Q,6,23분
tPy8nJ3,35,46분
tEQkANe,12,23분
tRwGM66,12,24분
tPVdVvK,10,1시간 8분
tl9gp2A,13,24분
tlnN7jG,12,1시간 23분
tEojzgA,12,23분
tlnNWMv,8,51분
tRaD3p9,16,37분
tR5Kgwp,6,25분
tEqZXeQ,13,23분
tRwGx0v,2,53분
tPVdKax,13,23분
tRWmB0D,26,42분
tRN7eQ2,40,45분
tRbq4j9,34,1시간 21분
tP8ap9z,12,23분
tPDOjed,13,23분
tEKz1Wn,13,23분
tPy8zBx,48,42분
tlxk8Z4,11,45분
tRzLr7M,10,1시간 8분
tl9g7Lj,13,23분
tPJZmYo,12,23분
tEqZoeQ,12,24분
tRp4Me5,8,21분
tRzLrak,24,40분
tlnN7J5,13,23분
tRN71g1,28,42분
tPrzqOW,12,24분
tlLr4Yd,20,24분
tPVdVmb,51,45분
tlObJD8,10,18분
tPDO9NJ,24,37분
tPvbdMO,9,43분
tPVdwzw,36,31분
tRaD3Q9,10,56분
tEQkYv4,12,1시간 16분
tEqZXB1,13,3분
tR2edXe,10,45분
tPJZ6Xo,31,38분
tR2egaj,11,57분
tlAnYeB,24,24분
tRwGQ3v,16,1시간 3분
tRp4Mw6,22,35분
tPVdXmw,16,1시간 9분
tR5KVAa,11,23분
tRX5rpx,24,34분
tPj1AQg,11,12분
tR4J8nD,29,41분
tE6YG2n,38,46분
tE3Az2o,12,23분
tPeWroD,10,12분
tR4Jr5D,12,23분
tPrzO5Z,39,42분
tEQkY7w,28,45분
tE0mnpd,13,23분
tE15pXp,12,1시간 6분
tEqZoXY,8,14분
tPy8n24,49,45분
tlAnALr,13,23분
tPVdy74,1,16분
tP8aVd3,24,45분
tRB6e5q,32,40분
tPDO9ZJ,10,51분
tlxknX3,11,1시간 9분
tEm9318,9,59분
tPeWbme,12,23분
tRN7Bev,36,46분
tEZAd88,3,26분
tP8akX2,24,45분
tR2e8vW,10,1시간
tEojQy2,16,35분
tRaDr53,12,58분
tRwGb9D,10,12분
tR4JpYL,13,23분
tPJZe19,12,23분
tPVdV5p,24,47분
tlAnYYw,10,23분
tl9gdna,10,1시간
tEqZdK2,24,49분
tEqZypd,16,32분
tEKzBmQ,12,24분
tEZAMW3,8,13분
tlLrGb4,36,43분
tRwGxqL,13,23분
tEojbz5,25,23분
tRbqW5z,7,20분
tRaDMa8,43,46분
tPJZ170,12,11분
tE3Az6o,30,44분
tl9gZ96,24,42분
tlGNyD0,12,23분
tEkOvz4,9,44분
tEgMbKm,13,23분
tP8akez,24,37분
tRX5NkD,12,40분
tE15pa3,60,8분
tlLrB9d,24,33분
tEZAyyZ,30,42분
tRWmVw6,21,45분
tPDOg9d,13,27분
tRbqWJq,12,23분
tPj1xZ9,24,45분
tEZAYGK,12,23분
tRaDN80,24,46분
tEkONVG,10,51분
tRwGYvJ,10,24분
tE3Az1g,36,40분
tEKzBn2,36,35분
tRzLWgA,12,11분
tRp46ag,41,48분
tlAn0QW,20,43분
tE0mkzN,14,21분
tEkONkM,3,59분
tPeWrLd,52,1시간 12분
tE0mZmO,4,23분
tEQkwwp,35,51분
tPvbdyJ,12,50분
tEm98QB,7,23분
tRp47Ne,4,1시간 4분
tPd35kN,1,23분
tRB6BKJ,13,23분
tlnNMav,13,24분
tRWm0aO,8,24분
tlGNqBK,6,23분
tlGNyg4,25,23분
tlGNO3b,13,23분
tlYeMq9,8,42분
tlYeazA,10,43분
tEZAdvZ,8,48분
tPDOX81,25,24분
tRB6YL2,7,23분
tEoj6Wr,20,56분
tE15r8W,12,22분
tR5KYoL,8,1시간 12분
tE3AJn7,26,11분
tEkOoaj,12,23분
tlYean4,31,2시간
tPeWb4d,3,57분
tRWmb2O,6,23분
tEQkym9,7,23분
tR2ey5e,13,23분
tRzL7zM,12,23분
tR5KYp9,23,11분
tEm982r,2,13분
tPeWoe6,7,23분
tlObYNX,11,56분
tlObYMz,5,23분
tEgM47O,4,1시간 10분
tR2eZrz,11,23분
tEKzBGj,12,31분
tPJZWKp,43,43분
tEqZ4e1,8,16분
tE15LA5,6,12분
tPJZznp,22,16분
tPrzqw0,142,11분
tEkO4Gn,2,19분
tlLrGme,52,11분
tPVd3pO,108,25분
tPVd6bK,12,24분
tPDOjQn,8,24분
tE6Yb1r,24,49분
tE0mjrx,15,20분
tRX5218,8,1시간 10분
tPeWndd,12,23분
tPy8o1p,8,24분
tEQkanw,6,1시간 27분
tl9gLD6,22,10분
tEqZ1a1,3,43분
tE0mZ8x,12,23분
tEZA8d9,24,31분
tEgMoOA,12,23분
tR2eLaW,28,46분
tEKz1n6,12,13분
tPvbKeW,27,11분
tR5KVr4,12,23분
tRp4Xk7,25,2시간 1분
tRbqmv9,7,24분
tEkOWJ5,1,29분
tRX5Q4Q,8,29분
tRN7KJb,16,37분
tE3AbD1,12,23분
tl9gMe6,12,23분
tPVd31K,40,45분
tPy8zyg,52,10분
tEoj6Ky,12,23분
tR2eYpB,12,23분
tR5Kbn4,11,56분
tE3Aj51,8,22분
tlAnynZ,16,1시간 2분
tPy8nv4,8,22분
tEKzYGn,26,8분
tE6Y23M,11,1시간 10분
tlnNLb7,7,1시간 19분
tRwGYwm,12,19분
tEZAgkK,10,1시간 8분
tEQka1g,11,43분
tRB64k7,9,50분
tEKzx1V,14,49분
tP8aLX3,13,23분
tlAnAg9,12,23분
tP8agGz,12,48분
tR5KV04,42,41분
tlxkBpk,6,46분
tRWmW1O,16,35분
tR72xgV,13,23분
tR5KYXL,30,35분
tPj1byg,24,23분
tRX54Jm,25,24분
tRB6Daq,11,22분
tEQkyjk,8,23분
tlYeabx,16,46분
tEqZ43d,1,14분
tE6YDJz,26,11분
tE3ALn8,4,11분
tR72xZ6,10,23분
tR72WWx,30,1시간 7분
tR2ezV0,10,1시간 28분
tPj1AVa,12,23분
tPd35Ad,12,45분
tEKz1q5,32,1시간 17분
tEqZ1dj,11,23분
tEgM4aV,3,56분
tEKzdOk,12,23분
tPrz6ar,12,23분
tEQkyDD,267,12분
tPJZma6,1,1시간 4분
tPJZmv6,11,1시간 10분
tRB6LQw,12,1시간 7분
tRzLD0M,12,23분
tR2eGJd,6,23분
tE15aXg,16,25분
tRB6eM2,12,23분
tE3AJ88,29,45분
tEZAgJZ,32,42분
tEZAkMZ,7,25분
tEQkaQ4,18,30분
tRaDNvj,12,13분
tPDOg6g,8,24분
tEZAkDq,6,24분
tPDOV8J,12,24분
tR5Kg21,24,33분
tRX51vv,6,15분
tPvb8Gp,24,31분
tR72LVJ,30,44분
tE3Ab6g,13,23분
tEkONr5,22,44분
tPvb8jW,12,23분
tPJZ65Q,10,26분
tR72xL6,8,47분
tE6Y7AN,8,1시간 1분
tRp4vx5,28,23분
tPDOdjd,12,3분
tR5Kbr4,18,1시간 13분
tEQkyd9,10,49분
tEQkaVk,12,23분
tRp46Og,12,24분
tEkO3Ve,12,24분
tP8azaA,12,24분
tRbq41v,29,38분
tE3A2QJ,24,43분
tEQkY3p,8,56분
tlGNdMZ,14,12분
tE0mJkd,16,1시간 3분
tRN7A9J,4,51분
tEm9Ba8,12,24분
tRbqd1z,34,43분
tR2eZ00,12,23분
tRWm6Wd,14,7분
tlLrMpe,10,43분
tR72qKA,26,34분
tPJZmJ3,10,17분
tEkO45M,6,23분
tPJZKVQ,12,17분
tEQk7bw,67,23분
tEQkAB1,32,11분
tEm9BKp,12,24분
tPDOgO4,12,23분
tPeWZ3D,24,23분
tPVdXKK,12,23분
tEZAyNZ,12,23분
tlnNMQ1,24,37분
tEkOv1B,10,12분
tRbqWz9,12,23분
tRaDmB9,12,23분
tEojo75,4,23분
tRbqW2r,24,45분
tPd3bk1,12,13분
tl9gZgp,3,46분
tlYea5A,10,5분
tEqZoNp,26,11분
tPDO9bd,3,17분
tE6YLoA,12,48분
tEQkang,36,45분
tEkOLVB,26,1분
tPeWoy6,6,23분
tlObYzw,10,1분
tRX52vO,40,46분
tEqZoNY,8,24분
tEQkwWp,24,34분
tRWmWN6,44,43분
tlLrmKK,12,24분
tEQkaN9,10,22분
tEqZ4DY,40,22분
tlYe031,6,20분
tRzL77Y,16,1시간 7분
tRzLKXJ,12,23분
tEQkYWg,24,46분
tP8akO6,24,45분
tPVd37N,10,21분
tPJZjB7,25,23분
tE3AjKo,12,23분
tEZAybX,24,43분
tRzLZGV,14,12분
tPy8nX4,12,23분
tE3ADn8,97,1시간 14분
tR5KLNa,13,4분
tlLr4m4,12,23분
tPDOdqA,13,23분
tPrzO0y,10,27분
tPDOjAo,26,24분
tPVd6eq,12,23분
tRwGZrQ,12,43분
tRaD3g0,47,1시간 19분
tE6YLNn,24,41분
tPJZXL3,24,42분
tEKzm22,12,23분
tRMxAYw,26,38분
tRzLoOA,40,46분
tEqZ4rD,2,11분
tPvbZmw,20,11분
tl9gDDb,40,40분
tl9gp6p,6,24분
tRWmxWn,11,45분
tlObG5j,8,23분
tPd3MrN,48,45분
tl9gdkj,12,23분
tEqZ4V1,22,34분
tE15aM4,4,23분
tE6YzK3,8,43분
tRB6YDD,34,25분
tRwGx8v,6,24분
tEkOAd5,24,36분
tEkOoxd,30,47분
tPd30yM,24,38분
tlYeWbV,10,59분
tlObGvw,43,45분
tlGNBoQ,32,42분
tR72J6n,24,29분
tRMxJqg,49,44분
tR72q1Y,40,44분
tRX51xO,20,43분
tRX52j7,4,22분
tlxkMeo,12,24분
tE156xp,13,23분
tEKzxb2,8,23분
tEqZ4L2,1,23분
tE6YzVN,12,23분
tPVdZOb,1,1시간 4분
tP8aLo3,12,23분
tPJZ19Q,12,23분
tlnNBJo,30,53분
tPrzXdd,13,23분
tR2e8YB,12,23분
tPVdAm4,12,23분
tEQkV39,12,1시간 26분
tRp41ye,4,43분
tRaDmKj,12,23분
tEZAQKZ,48,57분
tlLrm6J,10,28분
tEojbyO,16,13분
tPDO9Qd,16,33분
tPVdZMO,28,43분
tE6YGKz,25,23분
tRMxnQg,42,44분
tRMxmY0,12,24분
tE15KYd,27,44분
tRMxm8n,40,43분
tEm93kW,3,45분
tE6YdDr,8,45분
tPDOy0g,40,45분
tPVd6qb,10,42분
tRWmrYV,8,34분
tlAnwYw,60,43분
tEqZ46Z,4,22분
tEqZ8XZ,13,42분
tPj1bmJ,8,23분
tPeWrAK,48,45분
tlAn059,8,10분
tEKzMGj,10,7분
tlLr2Ba,8,17분
tR4J8Ay,12,23분
tlYeK6X,12,23분
tEZAyBN,12,23분
tPj1xKD,44,45분
tlGNjzZ,36,35분
tl9gMa1,14,16분
tEqZ4kd,6,25분
tPeWb7G,11,56분
tRzLKZZ,9,44분
tPy8B14,39,49분
tPd3boX,10,23분
tR5KgaX,24,35분
tlYeKXA,12,23분
tRbqAjv,9,47분
tlOb1bw,11,56분
tEZAYWq,24,59분
tEQkAaw,10,58분
tE3AJN2,3,19분
tPDOj2g,12,24분
tRwGd34,24,23분
tPeWobB,3,35분
tE6Y2kQ,24,22분
tlLrGwd,40,45분
tR4Jaam,42,44분
tPVdAQe,24,23분
tE6Y7o3,8,55분
tlAnLoW,2,16분
tlnNZ8z,39,44분
tPj1WeJ,13,23분
tR2egM0,26,5분
tR5KY91,18,26분
tEm9b0k,3,1시간 1분
tRN7gpY,38,45분
tRWm01X,12,24분
tE6YDey,3,47분
tRN7Aj2,10,1시간 8분
tEQkX1w,1,21분
tRzLr25,34,45분
tRWmwAX,45,45분
tRzLKOM,3,44분
tEkOdve,12,24분
tP8aV43,24,45분
tRX547x,12,23분
tPeWbxo,12,23분
tEm9Xyd,12,23분
tR4JpWD,8,48분
tRbqWxg,12,19분
tEqZyGQ,32,40분
tPd3bV2,40,45분
tlObDXB,8,38분
tEQka4D,5,36분
tPd3Bw1,40,45분
tPvbBZw,10,45분
tPVdANN,38,45분
tRMxX4p,12,23분
tlGNdaB,24,36분
tRWmwND,36,46분
tEm9bqO,39,45분
tPd357k,10,1시간 3분
tRaD3Az,34,45분
tRaDNO9,20,34분
tlLr2Yv,12,52분
tEm9oZ8,24,46분
tPj1drD,47,41분
tE3AzOm,12,23분
tlYe7zJ,12,31분
tRB6DJ8,40,41분
tR72Lkn,24,31분
tE0mnVX,9,49분
tE0md7N,18,28분
tPDOjm1,43,45분
tE15aWp,22,33분
tEQkwj9,12,23분
tR2ez8d,24,43분
tRp4vwy,12,23분
tRwGQ7Q,45,45분
tRWm0Yn,4,17분
tR5KzGZ,40,42분
tRX5d97,24,49분
tPrz80r,13,23분
tE6Y2xn,16,1분
tEKzQD5,40,44분
tE3Az11,32,38분
tE15L10,24,39분
tEkO3Gz,52,36분
tR2eG3v,20,40분
tlGNBZQ,42,45분
tRbqAV9,9,4분
tPDOyGo,12,23분
tE0m2vd,32,30분
tEQkrqA,26,11분
tRWm6w6,8,14분
tRbqA2z,25,37분
tRbqBor,10,42분
tlAng6G,12,23분
tPvbBmM,24,40분
tRzLWGM,8,12분
tPDOXr7,24,31분
tPVd3Oq,22,35분
tlLrmNz,18,32분
tR2eYD6,24,27분
tPy8a87,68,45분
tlYeywJ,33,42분
tR72LJB,40,45분
tlGN4AK,16,31분
tlxk8YD,30,43분
tEgM1jJ,24,30분
tRB6Ygq,8,1시간 1분
tlObjVL,40,45분
tEQkXKD,40,45분
tEgM9Y3,18,42분
tE0m2V6,32,42분
tlAn0DW,30,40분
tPVdwxw,2,45분
tPDOap1,6,31분
tPvbd96,12,25분
tRMxA1q,11,2분
tR2eLQz,24,37분
tEkOL1n,24,43분
tPvbdn5,12,46분
tl9gZya,4,56분
tPd31VM,26,43분
tlObDgw,25,32분
tlnNMy9,30,34분
tRbqAZN,40,44분
tEZAQrK,35,46분
tR2eZpj,40,44분
tlYea51,7,34분
tE0mZpw,32,36분
tl9gLeb,10,43분
tEgM7ge,36,44분
tE3Ae0K,6,46분
tRB6xy2,13,23분
tPDOV2o,8,26분
tPVdABx,26,40분
tRWmWdX,24,27분
tR72xkV,24,37분
tRzLrkL,24,28분
tE0m2z2,14,43분
tRB64OJ,13,23분
tEm94x8,30,44분
tRwGdN8,30,40분
tRbqBGN,12,23분
tR2ezqB,36,35분
tE0mdpx,40,48분
tlObmnX,12,37분
tPy8pKx,24,43분
tEZAy43,24,45분
tEkOBdB,47,45분
tPJZmg7,3,39분
tPDOanL,122,3분
tlnN9m7,52,44분
tlObDyL,36,42분
tPj1Ay0,6,46분
tRN7B8J,28,46분
tRMxJ4a,10,1분
tEgMo1O,10,40분
tEqZdBZ,24,43분
tEQkwqD,8,8분
tlYe72V,10,23분
tE0md1X,3,22분
tE3AD58,24,45분
tEgM4L2,13,23분
tEQk714,43,44분
tRN7gwd,8,14분
tRWmBqN,1,1시간 5분
tRbqWBN,35,43분
tlAnxLM,10,36분
tlxkZWk,20,45분
tEKzY3j,6,36분
tRzLKJ5,24,36분
tE3A2XK,16,35분
tRwGZvJ,24,36분
tlYeKQx,40,46분
tlYeywx,36,41분
tRWmboa,12,22분
tlxkZ44,40,40분
tEqZ1Bd,24,45분
tE15LQM,24,30분
tE6Yrjy,40,45분
tRX51q7,24,37분
tRWmV4n,15,40분
tRaDNQw,40,41분
tlnNZj5,36,42분
tPeWZ9B,35,48분
tR5KLJZ,24,36분
tR72qdV,24,42분
tE6YDqz,34,45분
tPy8zK7,37,43분
tEQka8g,8,34분
tRwG2Lk,24,38분
tR72q7V,24,37분
tEqZyo2,24,39분
tRbqAJ9,12,23분
tR5KYbZ,26,41분
tE0mrOx,10,58초
tPJZXqQ,22,42분
tlGNj01,24,45분
tRbqdDN,30,45분
tl9g0WY,11,43분
tR7268A,20,1시간 10분
tRN7dO7,24,37분
tEgMAdr,36,43분
tlnN6az,16,27분
tR726NB,48,45분
tE6YLjN,24,37분
tEqZ17Y,24,40분
tlAnxaW,8,30분
tPrz66r,33,46분
tRWmV3n,45,44분
tR5KbG9,45,45분
tE0mkvB,48,42분
tRp4MY9,28,42분
tRaD5Kz,13,9분
tEKzYb2,36,44분
tPd30Gk,16,44분
tEkOLZe,30,46분
tE3Abbg,12,29분
tl9gdKj,40,46분
tlLrd9v,24,33분
tPJZK50,6,40분
tRzLKoQ,24,34분
tRWmbnO,12,26분
tEqZdwd,24,45분
tEgMbWe,31,52분
tlAn0oG,24,41분
tPrzZVx,26,32분
tPj14a9,10,2분
tP8aL72,20,44분
tRWmx58,26,47분
tlAn0kr,24,42분
tlAn4p9,14,2분
tPVd3mw,5,36분
tPd35eN,7,50분
tlObYa3,6,1시간 16분
tEKzQjy,16,1시간 20분
tRp4vyB,6,24분
tR4JqyL,16,1시간 8분
tE3ApKm,10,23분
tPj1mGg,1,49분
tPVdZaq,9,23분
tEKzQOX,12,45분
tPJZ63o,1,35분
tRbqNWY,10,21분
tPVdZZe,8,23분
tlYeMMx,4,1시간 9분
tRN7AqY,10,24분
tlYem68,10,37분
tE15d4d,26,1분
tPy8JbG,10,2분
tRB6xrw,10,43분
tEQkaX9,8,1시간 14분
tEgMbD5,20,1시간 22분
tEKzMKV,8,1시간 8분
tEKzQ6n,1,20분
tEKzxm5,6,24분
tEqZ4zY,7,30분
tRWmbyn,1,1시간 4분
tEQkV9p,6,24분
tEZAkbN,15,23분
tlLrmqe,5,22분
tEQkw8k,24,11분
tEgM41e,8,1시간
tEm94Qd,1,54분
tPVdKgb,7,30분
tR2eGVD,6,2분
tPJZKw7,6,1분
tEqZ1mY,5,39분
tR5KbxX,5,29분
tEkO42n,11,1분
tPy8ovg,26,1분
tP8azV3,5,1분
tEKzBWX,13,1시간 56분
tP8awa2,1,49분
tEQkVqw,37,46분
tR4Je9o,4,2분
tPeWZQ6,12,3분
tPJZ1J9,13,23분
tRwGboJ,12,23분
tE15a0g,12,23분
tE0mnzy,15,58분
tEQkYaD,10,57분
tPvb85p,1,55분
tlnNvgq,2,18분
tRB6LvD,18,1시간 6분
tRWmV06,12,23분
tlGN4a0,38,47분
tEkOdoa,12,23분
tlLrnmz,20,3분
tlOb1M8,5,16분
tR2eL2W,52,7분
tPJZ1g7,44,45분
tPeWrQN,9,1시간 45분
tEKzQe2,1,55분
tPy8zAp,10,2분
tlLr22r,10,1시간 1분
tPj19vJ,10,2분
tPrz7xZ,2,59분
tE3Ajdm,12,24분
tlObD4z,21,56분
tEQkwQe,1,1시간 4분
tEgM7rJ,1,1시간 2분
tE15LMg,6,1분
tRN71Qb,12,1시간 7분
tlGNj6D,10,1분
tEKzQQ5,15,42분
tRB6eqv,15,24분
tRWmbLN,12,2시간 40분
tRN7rxz,12,22분
tEgM99V,8,24분
tRB6xXB,10,31분
tE3ALO2,5,1분
tRbqoyd,12,45분
tEKzYOV,6,1시간 33분
tR2eZYD,40,12분
tEoj1mb,8,38분
tEZAg1O,16,18분
tPeWZjd,1,1시간 27분
tR5Kz09,12,1시간 1분
tlnNvV9,10,4분
tE15Lzg,1,1시간 52분
tEKzxjj,22,1시간 14분
tRbq8ed,6,1시간 12분
tlYeMOQ,52,14분
tEKzdAX,16,1시간
tR2eGGv,4,45분
tlGNVvp,12,49분
tEkOBwM,2,46분
tEgM7YV,12,13분
tE3ALkJ,3,1시간
tRbqoMY,5,51분
tRN7eAv,20,1분
tRzLKaY,100,44분
tRWmxXX,7,1시간 44분
tR72ZzV,12,1시간 39분
tlxkX1D,12,25분
tPvbZ4w,1,53분
tEZAdbK,4,15분
tl9gdw6,26,13분
tRzL7VQ,5,2분
tlLrmzr,21,2분
tlLrGXv,36,46분
tR2edrQ,2,1시간 1분
tEKzM5n,24,4분
tPJZ1Mw,10,56분
tlnNLvv,102,2시간 16분
tRaDN50,2,58분
tRbqNZ9,12,23분
tPeWBDB,12,1분
tEKzmz5,12,7분
tRaDrXL,4,1시간 16분
tRwGd2L,32,17분
tPJZeGo,21,26분
tPVd3mx,10,18분
tlAngJz,2,45분
tPrz6mM,6,1시간 23분
tR72aax,1,1시간 12분
tPDOwbr,10,1시간 10분
tRN7KBd,24,48분
tE3AbnK,1,1시간 4분
tR4Jq0o,12,23분
tPd3Za4,14,13분
tRp41xy,12,28분
tRaD5gw,2,1시간 29분
tPeWb55,12,12분
tl9gwg6,12,7분
tPvbKmJ,30,1시간 3분
tlGNV0K,8,56분
tPVdZnN,13,8분
tEojQ8b,6,1시간 19분
tEoj1k6,10,24분
tPrzXvV,6,18분
tEkOBQn,25,8분
tPrz6Nw,100,16분
tEKzmaj,2,43분
tPvbYrM,6,42분
tE15kO0,12,14분
tRMxavG,12,44분
tRaDAYq,12,47분
tlGNB34,9,1시간 19분
tR2e8LQ,12,1시간 5분
tlGNdwB,1,55분
tPj1WY0,30,47분
tEm9X5W,12,22분
tR72WKB,2,59분
tEKz1D2,19,20분
tRX5J1x,4,58분
tRWmWrO,4,4분
tE0mj9N,40,26분
tRMxZG0,1,1시간
tlxkZjA,3,45분
tPeWr7o,27,12분
tPd3094,2,1시간 32분
tlObdoB,10,1시간 38분
tlObG8B,6,50분
tPJZ1r7,10,1시간 4분
tPVd3XO,26,7분
tEm98yr,2,1시간 28분
tEm9Xop,1,1시간 21분
tEKzY8X,2,2시간 5분
tPVdAwp,36,1시간 6분
tPrzBQr,2,1시간 39분
tPj1BnD,4,57분
tRB6DKJ,11,1시간 21분
tP8aL5K,8,47분
tEKzYLj,8,27분
tRB6DGw,7,8분
tPJZj3Q,4,52분
tR72Znx,9,22분
tEgM7M2,1,55분
tRp4Xzx,14,1시간 33분
tRX5JKd,12,47분
tR72x9M,8,1시간 21분
tRMxmZ0,11,10분
tlLrBZ4,13,21분
tEZAkkQ,8,39분
tPrzB4O,5,1분
tRB64Qq,6,43분
tEQkV14,31,47분
tRN7eXY,12,22분
tPvbZDZ,16,45분
tPvbKgp,6,19분
tEoj1jO,26,44분
tEqZBLj,12,45분
tEgM7Br,48,46분
tEkOvbM,12,47분
tR5Kk19,12,23분
tE0mZXz,17,46분
tE0mdq2,26,12분
tR5KVnL,18,9분
tPvbKyy,16,1시간 14분
tEojn6O,14,1분
tRzLWaM,2,1시간 9분
tR5KbWr,8,1시간 9분
tEQkAYA,12,1시간 20분
tEqZbzj,16,1시간 48분
tEoj7XO,9,1시간 25분
tlnNWLv,93,46분
tEm98k2,10,2분
tRp41Z9,27,57초
tRbqoLg,2,47분
tPeWOaq,10,1시간 6분
tPy8Br9,12,24분
tP8a1rz,25,47분
tE15K75,6,1시간 17분
tRWmx9a,13,41분
tPDOynd,67,4분
tlAnwZr,3,53분
tEgMoe2,5,48분
tP8aggK,138,2분
tlnNvY1,3,45분
tEKzdgm,1,1시간 4분
tPd3BjM,5,13분
tPy83Gg,19,55분
tPrz64x,1,47분
tEgMoV3,85,13분
tRaD56z,1,2시간 2분
tPj1xMY,5,1시간 34분
tEKzdY2,20,48분
tE6YLvq,13,13분
tE6YGOA,20,1시간 43분
tR72wLJ,1,1시간 7분
tl9gD1a,1,1시간 28분
tEQkAKe,12,47분
tE0mdLy,12,23분
tlLr2e4,1,42분
tPeWZ8D,12,29분
tP8agXx,15,51분
tlLr2KW,30,1분
tRzLoAM,12,1시간 12분
tP8aLyN,18,22분
tEkOLye,6,11분
tlxk2Kn,4,47분
tE15dj4,1,1시간 53분
tlnNLwG,22,1시간 47분
tRwGdWm,24,10분
tE15KWW,2,55분
tlAnLNw,10,49분
tRaD8o8,2,2분
tlObGmX,9,54분
tR5K7MN,10,1시간 16분
tEkONme,4,28분
tPrzB5d,29,42분
tE0mryx,6,1시간 21분
tEQkazk,2,23분
tPvb8pW,20,3분
tR5KZWd,26,12분
tlObmwD,18,9분
tEZAYV9,15,49분
tlYeMQ8,2,1시간 38분
tPVd39x,8,22분
tRB6X68,18,21분
tlGNdvD,20,14분
tEqZdpY,6,48분
tlYemaV,8,52분
tl9gp8Y,13,11분
tEkOB3a,8,2분
tl9gdv1,12,23분
tRB64rv,12,1시간 21분
tRMxa2a,10,37분
tlYem2x,6,17분
tlGNeJZ,12,1시간 54분
tRWmBQO,2,47분
tPy8a1G,12,23분
tRWmBnv,12,23분
tR72qOM,2,45분
tlAngpG,4,1시간
tPy8nO7,43,13분
tlxkanW,10,27분
tPeWo2D,52,13분
tPJZ1q9,3,27분
tRp46Ge,12,54분
tRWmVgD,14,19분
tPvbY2w,2,48분
tPj14YJ,1,48분
tR2egQe,26,13분
tE15rjv,6,45분
tPrzBmd,2,1시간 21분
tRWmWL6,4,23분
tE0mkbd,6,55분
tlLr2Jd,12,3분
tE3ApJ7,24,9분
tlnNMbO,1,44분
tPJZjAw,52,10분
tPj19aD,6,43분
tPd3MdQ,165,46분
tlxknN3,26,13분
tR72wjV,11,1시간 11분
tE3Azo8,57,14분
tEKzB65,54,16분
tPy8Bpx,10,1분
tE6Y7kz,13,7분
tE3Abwe,13,6분
tlYeyJJ,4,1시간 3분
tlAnx6r,10,2분
tR2ez3B,6,52분
tlAn0rz,12,23분
tEQkwNK,5,59분
tPVd6KO,12,56분
tR2eYev,10,13분
tRp41Le,7,1시간 6분
tR5KZn1,51,21분
tPDOj3L,1,2시간 17분
tEZAYyK,20,6분
tl9gweb,12,56분
tEKzB0y,8,1시간 14분
tEm9opd,8,23분
tlAnjmW,8,27분
tRN7dyY,12,1시간 2분
tlAnLYW,10,1시간 2분
tEKzQ3Q,1,46분
tlxknao,47,1시간
tPvb8zM,13,2분
tPJZKvp,10,46분
tE156Bp,2,2시간 3분
tR5K7Da,12,1시간 5분
tlnNM67,6,30분
tEQkApD,3,45분
tEZA8g8,3,53분
tEkOLNz,2,1시간 3분
tR4J8Gm,25,3분
tR4JrNw,12,50분
tRzLZ6L,12,1시간 54분
tPJZ13a,2,48분
tRzLgeZ,10,1시간
tlAnwDM,6,1시간 4분
tlGNd24,6,45분
tlxknvo,16,1시간 4분
tPvbQr5,60,43분
tEqZdLd,84,8분
tRN71q7,18,14분
tlnNvZz,105,2분
tPDOgQA,12,23분
tRWmwjX,12,10분
tEgM7D2,85,5분
tRWmB3d,10,48분
tl9g02Y,16,13분
tPDOVz7,10,3분
tPd3ZoN,8,45분
tE6Y7JQ,51,38분
tl9gDKr,1,50분
tRp4Xd7,8,1시간 4분
tlObDwZ,20,46분
tR2eYve,19,11분
tEqZdn2,12,23분
tPd30MM,12,1시간 20분
tlnNBbq,8,1시간 23분
tlYe05A,12,44분
tEkON9e,12,23분
tP8awn2,10,1시간 13분
tEm98Kk,5,4분
tlLrdrz,1,56분
tEgM4De,6,43분
tEojvqA,7,2분
tR4Jayw,4,1시간
tPDOwan,15,1분
tE0mJey,24,24분
tlxkXOA,24,14분
tRB6xq2,1,1시간 3분
tE15r15,10,1시간 7분
tRB6XVD,8,3분
tE15Zj5,8,1시간 14분
tlYeK8Q,10,21분
tlLr42X,1,1시간 25분
tEqZ1Jv,40,8분
tRp4dYg,4,57분
tRwGbzW,11,17분
tRbqdVZ,10,46분
tRwGxKk,20,58분
tPDOgw4,24,54분
tRp4BD6,8,42분
tE3ADeJ,12,36분
tP8awXA,5,1시간 7분
tEKzxVn,13,23분
tPvbZkJ,24,45분
tRN7rWd,30,10분
tl9gL9A,6,22분
tE15kpg,4,1시간 25분
tE0mJVN,12,23분
tRbqAk5,33,15분
tRbqAar,24,46분
tR2eyLz,16,1시간 52분
tlnNLyz,22,11분
tE15KMN,10,46분
tE15pvN,12,22분
tlxkB0o,12,48분
tEKzBg2,5,59분
tEQkAmg,12,47분
tPj1B58,2,1시간 42분
tlYeKk1,12,1분
tE0m22z,9,46분
tRWmwqn,12,23분
tEqZB4v,9,1분
tRB6426,1,53분
tEqZd7p,20,1시간 19분
tPvbBJy,48,51분
tEm94D8,2,55분
tEQkyv9,12,23분
tPDOgeJ,12,22분
tR2eZZQ,14,46분
tEoj7My,11,22분
tR72qBM,4,44분
tRzLD9J,1,46분
tR5KZer,12,12분
tE6Y2MM,2,44분
tl9gDxj,1,1시간 40분
tE6YGvA,12,45분
tE15d34,2,21분
tRX5d3d,12,4분
tE15Ko3,4,1시간 23분
tE6YrGn,8,45분
tRN7ro2,10,15분
tPJZmK7,8,45분
tEQkXW4,8,40분
tR4JKjo,2,48분
tRWmwaV,95,13분
tRMxXDq,12,1시간 19분
tEKzMnQ,1,49분
tE6YnzQ,10,1분
tPDOgXo,12,2분
tlObjKB,16,46분
tPVdXd4,6,1시간 5분
tPVd39w,9,44분
tlnN6v9,10,3분
tRMxnp0,6,1시간 25분
tEojQw5,177,7분
tRN7B0Y,5,57분
tPeWbLd,8,5분
tlObJk3,1,1시간 4분
tPj1Ana,14,14분
tRX5r07,14,2시간 49분
tRbqAdz,1,2시간 25분
tRMxJ34,5,45분
tRzL7kQ,1,1시간 13분
tPeWb85,2,1시간 4분
tR4JpwD,69,1시간 1분
tRzLKqA,26,23분
tPrzXVy,12,52분
tE15d95,27,43분
tEKzQKm,12,24분
tRB6Bn7,13,23분
tR5KVdZ,12,23분
tEqZdk2,12,2시간 31분
tlnNZqG,12,2분
tR72ZQM,10,5분
tRzL7MY,13,23분
tRp4d7x,10,1시간 27분
tPd35bM,1,1시간 16분
tEgMAzO,29,2분
tEkOojd,3,17분
tP8aLxd,8,45분
tE15rgd,6,43분
tlLrdez,3,43분
tR2eLGd,7,2분
tEqZ871,12,6분
tE6YG1q,28,9분
tlObDnB,26,22분
tE15kQg,16,1시간 26분
tRWmw9X,2,1시간 31분
tE15ZNd,12,46분
tRWmwVV,8,1시간 9분
tl9gDNp,5,3분
tPd3A6d,12,1시간 13분
tEoj60V,2,47분
tPVdKw4,8,1시간 21분
tPVd3ZL,3,22분
tPDO9vA,1,1시간 4분
tR72qWk,4,51분
tR2eZA6,10,51분
tE0mnvw,12,1시간 3분
tlAn0Kz,1,1시간 5분
tEm98wK,7,17분
tPvbB7K,10,1시간 41분
tR2eZ5D,1,49분
tlxkZDo,3,2시간 3분
tRX51Wm,15,2분
tlYeydQ,12,23분
tEgM2aV,9,1시간 13분
tRp4BL5,8,43분
tEQk7gg,8,1시간 14분
tEoj1e2,12,1시간 19분
tRB6Xn3,55,46분
tR72L5x,1,1시간
tlGNqG4,6,46분
tPJZ1Dp,12,47분
tlLr2q4,26,15분
tlYeK9X,12,1시간 34분
tEgMDrm,1,44분
tE3AJ32,5,45분
tEQkwGA,10,1시간 1분
tPd3561,6,51분
tE6Yreq,9,4분
tlnNvO1,2,46분
tE15ZKW,8,42분
tlnNBq5,10,54분
tlYeKD4,20,26분
tE15rx0,10,11분
tRN7eeb,2,59분
tRwGb5J,106,14분
tE3Ajxe,12,23분
tE0md6N,12,2분
tE0mJY6,60,26분
tR2eyjW,13,43분
tPJZjro,20,11분
tEQk7pp,10,50분
tlnNv75,10,1시간
tlLrd64,8,51분
tRMxJe4,43,11분
tPJZzW3,16,54분
tEKzme2,6,1시간 11분
tE3ALVK,4,36분
tlLr49X,8,59분
tE0mrgz,4,43분
tP8apJr,4,1시간 44분
tP8aVy3,1,51분
tRzLZqL,25,5분
tRN7gbz,3,2분
tEZAQA8,1,1시간 4분
tE6Yb8Q,2,48분
tEqZXGZ,12,57분
tP8apkA,12,24분
tE15k0v,10,1시간 1분
tRbqm2N,11,52분
tEqZdev,15,3분
tEQk7yA,7,29분
tEkOLka,25,12분
tE3Aj5K,4,58분
tE3AJ2J,5,25분
tRWmxKX,4,19분
tlYe75J,3,1시간 22분
tPvbZO6,12,2분
tRMxy6b,4,46분
tEm9okB,4,1시간 7분
tRN73Q2,1,58분
tEZAkLX,6,16분
tlYeyX9,55,2시간 4분
tRbqAed,10,21분
tPDOwxr,10,1시간 21분
tPvbYWM,10,1분
tEQky94,9,1시간 23분
tP8a16K,52,45분
tPDOaBd,2,54분
tEoj635,13,45분
tRMxAjn,26,7분
tlLrB0K,16,23분
tlGNjVK,10,1시간
tEgM9e2,12,3분
tlObdw8,10,1시간 5분
tEQkVjg,8,1분
tR5Kbvd,7,14분
tEm9X2d,30,23분
tEqZ1oj,19,13분
tlAnYdB,26,1분
tPrz7KV,12,1시간 2분
tPvbxYZ,1,1시간 42분
tR5KZ7Z,12,1시간 4분
tPrzXWW,2,47분
tEZAQXQ,13,1시간 25분
tEZAyrN,10,28분
tEgM44e,12,49분
tRN7AAY,30,53분
tP8ax3N,12,2시간 47분
tRzL87M,8,1분
tlxkXo4,4,31분
tRB6B7q,10,26분
tEKzQY5,10,1시간 58분
tE3AJe5,8,13분
tPrz9rx,1,1시간 3분
tlAng3Y,10,1시간 38분
tEQkYyg,12,1시간 7분
tRp46y7,4,53분
tRp4vm7,24,33분
tRMxX3G,14,45분
tlLrGGe,4,25분
tEgMb12,16,10분
tPvbxNJ,10,1시간 2분
tEK2kjl,10,1시간 9분
tlL4NKl,26,24분
tP8Q1zl,126,25분
tRNrGvR,31,21분
tR4qw5P,52,23분
tEkB5zl,232,48분
taPe76E,129,34분
t2Rap8E,16,48분
twRpy7P,21,54분
tplAG9R,20,1시간 13분
tl9wdAR,50,23분
tZPVkwl,20,1시간 1분
tEQXoAl,83,1시간 14분
t7E1GvP,21,1시간
tP8dn2P,10,46분
tRpJXel,50,42분
tEkZGzl,20,46분
tRa9djR,40,46분
tEK25nl,51,43분
tPDew1l,41,46분
tR2pGel,41,45분
tEoBZbl,42,40분
tEqK66P,40,44분
tEmvKkR,40,41분
tPjB1wa,13,43분
tPJQKpR,50,41분
tRXNjdl,52,24분
tPDOXoA,26,11분
tPJ1VQR,50,24분
tPy8pQ9,532,46분
tPVmQxR,34,43분
tPDj0nE,14,23분
tRWB7XE,12,23분
tPVdNbp,16,1시간 17분
t8E6qzl,27,1시간 7분
tRNAX2E,36,1시간 10분
tlxnvDR,24,23분
tlGjn4P,32,34분
tPJZQ9K,6,55분
tEqX76l,12,1시간 12분
tEKzOBV,242,55분
tRBX8wl,16,1시간 1분
tEgAwJP,12,23분
tl9Ok1R,20,1시간 3분
tRM6eqP,20,1시간 3분
tPVwjOl,25,24분
tPrzdxV,12,24분
tRa9jzR,20,45분
tR2ewYv,12,23분
tl9B3WE,11,46분
tPDOz87,32,30분
tPd3z0y,20,45분
tPjWDOl,6,59분
tP8VmAE,3,13분
tEKxqQR,24,24분
tPVyVwR,12,23분
tRaD98z,11,1시간 10분
tlA07wP,13,23분
tRpvJ9l,7,40분
tEqZOe6,24,30분
tlxV5kR,13,44분
tRMeV4R,11,1시간 9분
tE3jDel,13,24분
tPeyr6P,12,23분
tEqD8Dl,10,45분
tEKw5jE,10,58분
tRNeB7E,24,23분
tlGyj1R,24,24분
tPVwK4l,84,23분
tEqy3dE,8,23분
tRwN9WE,7,1시간 8분
tPeBbql,44,19분
tRaD9wL,192,1시간 22분
tPeOwKE,16,1시간 1분
tRMmmMR,12,23분
tRMnaGP,91,20분
tE0m4JO,36,45분
tPrqbdR,42,45분
tlOmL6R,428,46분
tEm9YqB,20,36분
tlYm7Ql,12,23분
tE6Y4Wy,36,46분
tPVdVjp,24,40분
tPJZYn3,16,1시간 6분
tlAnyJW,30,30분
tE6YdWq,26,22분
tEgMqGm,18,45분
tRMnaWg,12,22분
tRwGQL6,6,46분
tR4JyaK,40,43분
tPj1m3J,24,44분
tE0meWy,10,43분
tPdMzQl,10,1시간 4분
tEKzB4j,7,58분
tPeWOYe,58,45분
tE02ngN,24,23분
tlYeZd4,13,13분
tlGVQDP,10,1시간 1분
tRaDKWj,11,8분
tRarVQP,8,58분
tPVXvKE,45,41분
tR4J75O,13,22분
tRp476G,30,45분
tEojN52,40,45분
tEq8Dvl,40,28분
tEqKG6P,9,57분
tlYeW81,34,43분
tPjAL8R,8,45분
tlA0MMP,14,1분
tlYeZbx,50,45분
tR2e8nB,30,27분
tEKwz6E,44,45분
tlnN2ze,1,1시간 6분
tR2ew9Q,8,45분
tP8zg3E,16,1시간 26분
tPrzZk0,13,18분
tEkONKz,8,1시간 2분
tlAYWwl,5,16분
tRWmrrO,52,54초
tPd3ZX1,2,42분
tE154D4,6,1시간 1분
tlOJ6wP,3,24분
tln7OvE,16,1시간
tE15abp,1,49분
tE3AxN5,12,56분
tRwx44P,78,45분
tP8aL9K,17,41분
tEZQ8Nl,20,1시간
tR5K72a,9,1시간 9분
tlYyeAl,12,1시간 20분
tEgMbLJ,78,7분
tEggD2E,60,45분
tPVVnNP,8,43분
tEgAxJP,5,15분
tl9gd6r,11,47분
tPr6YyP,4,52분
tPDOnV1,8,46분
tl9gwaj,1,48분
tln7YoE,5,16분
tRNArbE,2,43분
tEQkX9k,1,48분
tlnW3vE,3,29분
tRadLQE,50,45분
tR5KL6a,14,43분
tRMmjwR,5,16분
tEm938K,2,1시간 27분
tEZ9K9l,12,10분
tPD7r1R,32,45분
tPVy0eR,5,16분
tR5Kz1r,30,40분
tPeWyG5,1,1시간
tR2ZyjR,12,1시간 4분
tPrzBkO,4,44분
tPVK41w,6,44분
tR4Jan5,2,49분
tEgMBL3,12,23분
tRamVbR,6,1시간 12분
tRp4dkx,32,39분
tEZy23l,52,10분
tl9gw1p,20,47분
tRW0dvP,5,17분
tlLrMeW,13,46분
tRWmG3O,4,1시간 1분
tl9g70p,1,1시간 4분
tlxknrA,8,20분
tEgM7z4,1,48분
tRp4626,2,48분
tlYeWZ8,68,20분
tPJZ60a,52,3분
tlObj28,1,48분
tPj1Ww9,12,23분
tlYKmmR,22,23분
tEkOdpM,7,6분
tE6G2yR,12,23분
tRWwWaR,12,23분
tRX53jQ,12,23분
tEg815O,28,24분
tE02OxP,48,23분
tRzZyVR,26,22분
tEQk3Xk,26,23분
tlGjdbP,13,23분
tRwGvzL,13,23분
tPy8zOx,100,23분
tR5KVzL,110,1시간 32분
tE6YG8N,1,1시간 14분
tPrzZmW,13,24분
tRB6xAw,12,23분
tPDO9k1,9,23분
tRB6e43,5,56분
tPrzqqZ,63,34분
tR72xKY,12,23분
tEm9BQB,24,23분
tEKzxQm,11,57분
tlGNOKB,12,23분
tR2edNe,8,43분
tRB6Xy8,13,23분
tPvbxgM,2,58분
tRp46eG,12,23분
tRX51dd,10,1시간
tPvbQ4p,1,1시간 5분
tlObOgD,40,45분
tPj1WxJ,12,23분
tE3AjNm,12,23분
tEqZbod,12,23분
tEqZbdd,16,39분
tPDOdLr,24,40분
tE15K4W,12,23분
tRB6eW7,24,44분
tPDOw7g,40,43분
tR726xM,53,46분
tlGNe0K,10,14분
tRbq4mq,28,42분
tEojzWV,12,26분
tl9gLXa,4,42분
tEQkajK,18,28분
tPVdZdw,12,23분
tE3AD45,24,20분
tPDOg21,8,24분
tEZAgxN,7,23분
tE15LoW,12,1시간 8분
tPy8gZ3,2,20분
tlObWDj,9,10분
tEQkVwA,10,24분
tlYeaVm,26,11분
tPJZm90,12,1시간 14분
tlGNVw7,32,40분
tl9gpQA,12,26분
tPVdy9w,10,45분
tRB6evJ,4,20분
tRWm0Od,10,13분
tEgMb0V,12,23분
tEZAgp8,24,36분
tRwG264,10,1분
tEKzdeV,12,23분
tlGNVKp,6,23분
tRN7KZz,1,48분
tEkOBMz,34,47분
tRaD589,4,24분
tlGNq2Z,22,40분
tPDOjq7,6,34분
tRMxZWp,26,42분
tE3Abj1,13,23분
tRwG20J,14,33분
tRWmVJ8,1,1시간 30분
tP8a1Z6,8,19분
tE15Keg,24,40분
tRWmx4d,20,43분
tlGNy6B,12,23분
tRMxJjM,3,1시간 28분
tR2eYyQ,15,46분
tRaDom3,38,46분
tPDOd5o,31,36분
tP8aLr2,24,34분
tPDOdpJ,40,42분
tPDOdQA,24,39분
tR4JaGY,8,12분
tPeWorq,24,41분
tR5KZaL,29,34분
tPvb8YO,6,44분
tE3AJko,20,25분
tPy8a3e,10,54분
tlLrG7J,1,29분
tEkO3gM,40,45분
tlYea2Q,26,44분
tPj1AAY,40,39분
tE3Ajao,61,45분
tRMxap0,5,35분
tPvbKK6,24,45분
tPVdAGe,12,45분
tEQkyYw,11,57분
tEgMo2V,11,1분
tPDOaaL,6,1시간 3분
tE3Ap52,8,12분
tEqZy4v,9,1시간 7분
tR2eL0B,12,23분
tE6YzDM,9,1시간 3분
tE3AbA2,39,46분
tEkOvqG,13,9분
tE0mkVy,11,47분
tE0mnBy,1,49분
tE3Apeg,2,24분
tRWmVZX,24,1시간 26분
tR5KLjr,8,12분
tPJZzj7,12,24분
tR72G1Y,4,1시간 57분
tl9gd2a,26,24분
tPeWrY6,60,42분
tPeWnNN,6,58분
tEKzQxj,8,56분
tR4JpQK,10,1시간 6분
tlAngOw,10,23분
tRwG2x6,20,10분
tPDOVZ1,12,17분
tRbqm9g,3,49분
tPy8zqe,196,50분
tlYearm,23,55분
tRwGvX4,10,4분
tEkO444,140,2분
tE3A2e5,8,54분
tEoj7rO,6,56분
tPvbBo6,6,24분
tRWmb1V,13,5분
tRX5rDk,4,48분
tEQkaak,1,1시간 49분
tPd3ZGQ,29,1분
tRbqmOd,12,23분
tEkOd84,8,1시간 27분
tEkOABj,15,2분
tEQkrLp,10,45분
tlnNL0G,26,10분
tlOb1vz,12,52분
tEkOLMM,12,2분
tRMxZYM,60,40분
tE0mjQ2,12,52분
tEgM8QV,12,1시간 21분
tEKzYQm,26,2분
tR5KY6p,2,51분
tR72wr6,12,48분
tRX52n8,4,22분
tRWmxY6,33,1분
tEZAyVq,8,47분
tRzLKkJ,3,4분
tPeWn2d,12,1분
tEqZBN6,5,14분
tPd3AYM,8,20분
tRB6YM7,8,43분
tEoj6dA,7,6분
tR5Kbap,6,52분
tlYe08m,4,1시간
tE6Y2Lq,1,49분
tEkO4Kd,6,44분
tPrzXXO,6,46분
tEQkXA4,2,1시간 32분
tEkOAgn,6,46분
tEQkYQw,30,1시간 23분
tEojzD6,1,48분
tRNJ1JR,6,1시간 1분
tE6r0rE,8,37분
tEQyagE,26,26분
tEkOJ4M,12,1시간
tlxkdb4,16,58분
tR5KLn1,13,41분
tRWmBaN,2,49분
tlxknko,8,14분
tRwGZ2Q,26,13분
tEqZO3Y,12,1시간 2분
tPeWy8G,2,43분
tPJZW77,1,47분
tEqZ1xv,1,1시간 4분
tlYeM48,4,9분
tRWmxJv,10,23분
tEZAy9N,12,23분
tlAnxWm,20,44분
tlAnYow,12,23분
tEKz1z2,3,58분
tEqZ1n2,12,23분
tP8awbr,20,23분
tR4JaMm,24,23분
tRwGQy8,6,23분
tlYeymA,8,25분
tRp4bBe,6,42분
tlLrG84,89,1시간 31분
tR72wOx,40,43분
tlxkaXA,14,1시간 27분
tRB64m6,2,47분
tRB6Ymw,20,52분
tlYeA39,10,26분
tE6Y29Q,26,13분
tE15ZBW,24,39분
tEQkVpw,10,5분
tPeO0BE,10,23분
tPDOdrg,52,20분
tPDO9B4,2,43분
tE15wy5,36,46분
tRMxnKM,2,48분
tl9gLNb,8,20분
